ifc_type                  , category              , family_name                                 , kbims_code  , pps_code                                                         , family                                                                                                                              , type                                                                                                                                , type_id
IfcIfcWall                , 벽                    , 기본 벽                                     , E275        , AD                                                               , 기본 벽                                                                                                                             , WA111-철근콘크리트구조 벽 200mm_CW2                                                                                                 , 7626131
IfcIfcSlab                , 바닥                  , 바닥                                        , E25         , AD                                                               , 바닥                                                                                                                                , "A1-15-03C-시멘트 액체방수 2차, 시멘트 모르타르(보호), THK20 대리석(물갈기)(100mm)"                                                 , 8014130
IfcIfcBeam                , Structural Framing    , BM110-철근콘크리트구조 보                   , E23         , AD                                                               , BM110-철근콘크리트구조 보: BM110-철근 콘크리트구조 보_-1WG1_400 x 850                                                               , BM110-철근콘크리트구조 보: BM110-철근 콘크리트구조 보_-1WG1_400 x 850                                                               , BM110-철근콘크리트구조 보: BM110-철근 콘크리트구조 보_-1WG1_400 x 850
IfcIfcBeam                , Structural Framing    , BM110-철근콘크리트구조 보                   , E23         , AD                                                               , BM110-철근콘크리트구조 보: BM110-철근 콘크리트구조 보_B1-1G4_400 x 850                                                              , BM110-철근콘크리트구조 보: BM110-철근 콘크리트구조 보_B1-1G4_400 x 850                                                              , BM110-철근콘크리트구조 보: BM110-철근 콘크리트구조 보_B1-1G4_400 x 850
IfcIfcBeam                , 구조 프레임           , BM111-철근콘크리트구조 보                   , E23         , AD                                                               , BM111-철근콘크리트구조 보                                                                                                           , BM110-철근 콘크리트구조 보_400 x 400_2-10G2                                                                                         , 7669407
IfcIfcCovering            , Ceilings              , Compound Ceiling                            , E36         , AOMB+AJI100100000                                                , "Compound Ceiling: A1-45-06A-경량철골천장틀(M-Bar), 열경화성수지(300x300x1.2mm) (2mm) TYPE-D"                                       , "Compound Ceiling: A1-45-06A-경량철골천장틀(M-Bar), 열경화성수지(300x300x1.2mm) (2mm) TYPE-D"                                       , "Compound Ceiling: A1-45-06A-경량철골천장틀(M-Bar), 열경화성수지(300x300x1.2mm) (2mm) TYPE-D"
IfcIfcFurnishingElement   , Furniture             , FN111-로비의자 원형                         , E81         , APA                                                              , FN111-로비의자 원형: FN111-로비의자 원형 테블릿 4인용 2300x500x610                                                                  , FN111-로비의자 원형: FN111-로비의자 원형 테블릿 4인용 2300x500x610                                                                  , FN111-로비의자 원형: FN111-로비의자 원형 테블릿 4인용 2300x500x610
IfcIfcSlab                , 바닥                  , 바닥                                        , E25         , ANI000012030+ADF102100000+AJM4B+AGA441100000                     , 바닥                                                                                                                                , "A1-12-09B-쇠흙손마감, 와이어매쉬(#8 150x150), 무근콘크리트, 에폭시페인트 (100mm)"                                                  , 6843374
IfcIfcSlab                , 지붕                  , 기본 지붕                                   , E26         , AD                                                               ,                                                                                                                                     ,                                                                                                                                     , 
IfcIfcWallStandardCase    , 벽                    , 기본 벽                                     , E24         , AMA112C+AGA114400000                                             , 기본 벽                                                                                                                             , "A1-33-01B-시멘트 모르타르, 도기질타일 (30mm)"                                                                                      , 6831423
IfcIfcCovering            , 천장                  , 복합 천장                                   , E36         , AJI100100000+AOC12A                                              , 복합 천장                                                                                                                           , "A1-44-11A-경량철골천장틀(M-Bar), 무석면텍스 (7mm)"                                                                                 , 6897900
IfcIfcBeam                , Structural Framing    , BM110-철근콘크리트구조 보                   , E23         , AD                                                               , BM110-철근콘크리트구조 보: BM110-철근 콘크리트구조 보_2-10WG1_400 x 400                                                             , BM110-철근콘크리트구조 보: BM110-철근 콘크리트구조 보_2-10WG1_400 x 400                                                             , BM110-철근콘크리트구조 보: BM110-철근 콘크리트구조 보_2-10WG1_400 x 400
IfcIfcFurnishingElement   , Furniture             , PF581-대변기 칸막이                         , E714        , AOC771                                                           , PF581-대변기 칸막이: PF581-대변기 칸막이(출입면) 970*1430*2400                                                                      , PF581-대변기 칸막이: PF581-대변기 칸막이(출입면) 970*1430*2400                                                                      , PF581-대변기 칸막이: PF581-대변기 칸막이(출입면) 970*1430*2400
IfcIfcBuildingElementProxy, 주차장                , SE251-기본주차                              , E77         , CLH2601                                                          , SE251-기본주차                                                                                                                      , SE251-기본주차 일반형                                                                                                               , 3098914
IfcIfcDoor                , 문                    , DR120-쌍여닫이문                            , E333        , ALA                                                              , DR120-쌍여닫이문                                                                                                                    , DR120-쌍여닫이문                                                                                                                    , 7678345
IfcIfcWall                , Walls                 , Basic Wall                                  , E24         , AD                                                               , Basic Wall: WA110-철근콘크리트구조 벽_W1_T200                                                                                       , Basic Wall: WA110-철근콘크리트구조 벽_W1_T200                                                                                       , Basic Wall: WA110-철근콘크리트구조 벽_W1_T200
IfcIfcColumn              , Structural Columns    , CL111-철근콘크리트구조 기둥 (각형)          , E22         , AD                                                               , CL111-철근콘크리트구조 기둥 (각형): CL111-철근콘크리트구조 기둥 (각형)_B2-1C2_800x900                                               , CL111-철근콘크리트구조 기둥 (각형): CL111-철근콘크리트구조 기둥 (각형)_B2-1C2_800x900                                               , CL111-철근콘크리트구조 기둥 (각형): CL111-철근콘크리트구조 기둥 (각형)_B2-1C2_800x900
IfcIfcWallStandardCase    , Walls                 , Basic Wall                                  , E24         , ANC132110000+AGA114600000+AHG3+AGA441100000                      , "Basic Wall: A1-32-07A-콘크리트면정리, 바닥방수연장, 시멘트모르타르(미장용), 수성페인트(내부) (24mm)"                               , "Basic Wall: A1-32-07A-콘크리트면정리, 바닥방수연장, 시멘트모르타르(미장용), 수성페인트(내부) (24mm)"                               , "Basic Wall: A1-32-07A-콘크리트면정리, 바닥방수연장, 시멘트모르타르(미장용), 수성페인트(내부) (24mm)"
IfcIfcBeam                , 구조 프레임           , BM111-철근콘크리트구조 보                   , E23         , AD                                                               , BM111-철근콘크리트구조 보                                                                                                           , BM110-철근 콘크리트구조 보_400 x 400_2-10G8                                                                                         , 7669410
IfcIfcBeam                , Structural Framing    , BM110-철근콘크리트구조 보                   , E23         , AD                                                               , BM110-철근콘크리트구조 보: BM110-철근 콘크리트구조 보_2-10G10_400 x 400                                                             , BM110-철근콘크리트구조 보: BM110-철근 콘크리트구조 보_2-10G10_400 x 400                                                             , BM110-철근콘크리트구조 보: BM110-철근 콘크리트구조 보_2-10G10_400 x 400
IfcIfcWallStandardCase    , Walls                 , Basic Wall                                  , E24         , AD                                                               , Basic Wall: WA110-철근콘크리트구조 벽_DW1_T600                                                                                      , Basic Wall: WA110-철근콘크리트구조 벽_DW1_T600                                                                                      , Basic Wall: WA110-철근콘크리트구조 벽_DW1_T600
IfcIfcWall                , 벽                    , 기본 벽                                     , E275        , AD+ANC132110000+AGA113100000+AGA441100000                        , 기본 벽                                                                                                                             , (복합)WA111(200_CW1)+A1-32-06A_철콘+수성                                                                                            , 7717580
IfcIfcSlab                , 바닥                  , 바닥                                        , E251        , AD                                                               , 바닥                                                                                                                                , SL111-철근콘크리트구조 바닥 200mm_S3                                                                                                , 7625594
IfcIfcBeam                , 구조 프레임           , BM111-철근콘크리트구조 보                   , E23         , AD                                                               , BM111-철근콘크리트구조 보                                                                                                           , BM110-철근 콘크리트구조 보_400 x 500_RB5                                                                                            , 7669454
IfcIfcFlowTerminal        , 위생기구              , PF231-장애인용 소변기                       , E71215      , MHA32110120S                                                     , PF231-장애인용 소변기                                                                                                               , PF231-장애인용 소변기                                                                                                               , 6432497
IfcIfcWallStandardCase    , 벽                    , 기본 벽                                     , E275        , AD                                                               , 기본 벽                                                                                                                             , WA111-철근콘크리트구조 벽 500mm_BW3                                                                                                 , 7626733
IfcIfcBeam                , Structural Framing    , BM110-철근콘크리트구조 보                   , E23         , AD                                                               , BM110-철근콘크리트구조 보: BM110-철근 콘크리트구조 보_2-10G4_400 x 400                                                              , BM110-철근콘크리트구조 보: BM110-철근 콘크리트구조 보_2-10G4_400 x 400                                                              , BM110-철근콘크리트구조 보: BM110-철근 콘크리트구조 보_2-10G4_400 x 400
IfcIfcColumn              , Structural Columns    , CL111-철근콘크리트구조 기둥 (각형)          , E22         , AD                                                               , CL111-철근콘크리트구조 기둥 (각형): CL111-철근콘크리트구조 기둥 (각형)_B2-B2C12_600x600                                             , CL111-철근콘크리트구조 기둥 (각형): CL111-철근콘크리트구조 기둥 (각형)_B2-B2C12_600x600                                             , CL111-철근콘크리트구조 기둥 (각형): CL111-철근콘크리트구조 기둥 (각형)_B2-B2C12_600x600
IfcIfcFlowTerminal        , Plumbing Fixtures     , PF213-스톨형 소변기                         , E71215      , MHA32110010S                                                     , PF213-스톨형 소변기: PF213-스톨형 소변기                                                                                            , PF213-스톨형 소변기: PF213-스톨형 소변기                                                                                            , PF213-스톨형 소변기: PF213-스톨형 소변기
IfcIfcBuildingElementProxy, 전기 시설물           , SE112-가로등                                , E76         , CAB450030000                                                     , SE112-가로등                                                                                                                        , SE112-가로등                                                                                                                        , 8209722
IfcIfcBeam                , 구조 프레임           , BM111-철근콘크리트구조 보                   , E23         , AD                                                               , BM111-철근콘크리트구조 보                                                                                                           , BM110-철근 콘크리트구조 보_300 x 1500_1B4(역보)                                                                                     , 7667212
IfcIfcWallStandardCase    , 벽                    , 기본 벽                                     , E275        , AD+ANC132110000+AGA113100000+AGA441100000                        , 기본 벽                                                                                                                             , (복합)WA111(200_CW1)+A1-32-06A_철콘+수성                                                                                            , 7717580
IfcIfcSlab                , 바닥                  , 바닥                                        , E25         , AD                                                               , 바닥                                                                                                                                , 대지 출입구                                                                                                                         , 8014162
IfcIfcBuildingElementProxy, 주차장                , SE251-기본주차                              , E77         , CLH2601                                                          , SE251-기본주차                                                                                                                      , SE251-기본주차 여성전용일반형                                                                                                       , 3107502
IfcIfcFlowTerminal        , 위생기구              , PF141-장애인용 대변기                       , E71210      , MHA141001000                                                     , PF141-장애인용 대변기                                                                                                               , PF141-장애인용 대변기                                                                                                               , 7202402
IfcIfcFurnishingElement   , Furniture             , FN111-바스툴 웨이브 고정형                  , E81         , APA                                                              , FN111-바스툴 웨이브 고정형: FN111-바스툴 웨이브 고정형 풋링 650x650x1000                                                            , FN111-바스툴 웨이브 고정형: FN111-바스툴 웨이브 고정형 풋링 650x650x1000                                                            , FN111-바스툴 웨이브 고정형: FN111-바스툴 웨이브 고정형 풋링 650x650x1000
IfcIfcWallStandardCase    , Walls                 , Basic Wall                                  , E24         , AOC700                                                           , "Basic Wall: WA730-DRY WALL(C50, GS12.5mm) (2겹양면, GW50mm) 100mm"                                                                 , "Basic Wall: WA730-DRY WALL(C50, GS12.5mm) (2겹양면, GW50mm) 100mm"                                                                 , "Basic Wall: WA730-DRY WALL(C50, GS12.5mm) (2겹양면, GW50mm) 100mm"
IfcIfcBeam                , 구조 프레임           , BM111-철근콘크리트구조 보                   , E23         , AD                                                               , BM111-철근콘크리트구조 보                                                                                                           , BM110-철근 콘크리트구조 보_300 x 800_1B6                                                                                            , 7667214
IfcIfcFurnishingElement   , 가구                  , FN113-소파(2인용)                           , E81         , APA                                                              , FN113-소파(2인용)                                                                                                                   , FN113-소파(2인용) 1460x850                                                                                                          , 6066553
IfcIfcBeam                , 구조 프레임           , BM111-철근콘크리트구조 보                   , E23         , AD                                                               , BM111-철근콘크리트구조 보                                                                                                           , BM110-철근 콘크리트구조 보_400 x 400_2-10G1                                                                                         , 7669420
IfcIfcBeam                , Structural Framing    , BM110-철근콘크리트구조 보                   , E23         , AD                                                               , BM110-철근콘크리트구조 보: BM110-철근 콘크리트구조 보_RB5_400 x 500                                                                 , BM110-철근콘크리트구조 보: BM110-철근 콘크리트구조 보_RB5_400 x 500                                                                 , BM110-철근콘크리트구조 보: BM110-철근 콘크리트구조 보_RB5_400 x 500
IfcIfcDoor                , 문                    , DR872-샤프트 점검구(스테인리스 스틸)        , E331        , AJG3                                                             , DR872-샤프트 점검구(스테인리스 스틸)                                                                                                , DR872-샤프트 점검구(스테인리스 스틸)_650x600                                                                                        , 3614979
IfcIfcFlowTerminal        , Plumbing Fixtures     , PF127-서양식 탱크일체형                     , E71210      , MHA11110020S                                                     , PF127-서양식 탱크일체형: PF127-서양식 탱크일체형                                                                                    , PF127-서양식 탱크일체형: PF127-서양식 탱크일체형                                                                                    , PF127-서양식 탱크일체형: PF127-서양식 탱크일체형
IfcIfcCurtainWall         , 커튼월 패널           , 기본 벽                                     , E275        , AD                                                               , 기본 벽                                                                                                                             , WA111-철근콘크리트구조 벽 100mm                                                                                                     , 7676586
IfcIfcSlab                , 바닥                  , 바닥                                        , E25         , AOA111                                                           , 바닥                                                                                                                                , SL441-목재블록 바닥 THK38                                                                                                           , 7432096
IfcIfcColumn              , Structural Columns    , CL111-철근콘크리트구조 기둥 (각형)          , E22         , AD                                                               , CL111-철근콘크리트구조 기둥 (각형): CL111-철근콘크리트구조 기둥 (각형)_2-7C2_800x800                                                , CL111-철근콘크리트구조 기둥 (각형): CL111-철근콘크리트구조 기둥 (각형)_2-7C2_800x800                                                , CL111-철근콘크리트구조 기둥 (각형): CL111-철근콘크리트구조 기둥 (각형)_2-7C2_800x800
IfcIfcMember              , 커튼월 멀리언         , 직사각형 멀리언                             , E336        , ALC1                                                             , 직사각형 멀리언                                                                                                                     , CW200-직사각형 멀리언 50x200mm                                                                                                      , 6832447
IfcIfcBuildingElementProxy, Generic Models        , SE251-기본주차                              , E77         , CLH2601                                                          , SE251-기본주차: SE251-기본주차 확장형                                                                                               , SE251-기본주차: SE251-기본주차 확장형                                                                                               , SE251-기본주차: SE251-기본주차 확장형
IfcIfcFurnishingElement   , Furniture             , FN114-소파테이블(각형)                      , E81         , APA                                                              , FN114-소파테이블(각형): FN114-소파테이블(각형) 1200x600                                                                             , FN114-소파테이블(각형): FN114-소파테이블(각형) 1200x600                                                                             , FN114-소파테이블(각형): FN114-소파테이블(각형) 1200x600
IfcIfcSlab                , Floors                , Floor                                       , E25         , AMB322D+ADF102100000+AJM4B+AHJ111201000+AHD11+AGA441100000       , "Floor: A1-15-09B-쇠흙손마감, 침투성방수(2차), 시멘트모르타르(보호용), 와이어매쉬(#8 150x150), 무근콘크리트, 대리석(물갈기) (200mm)", "Floor: A1-15-09B-쇠흙손마감, 침투성방수(2차), 시멘트모르타르(보호용), 와이어매쉬(#8 150x150), 무근콘크리트, 대리석(물갈기) (200mm)", "Floor: A1-15-09B-쇠흙손마감, 침투성방수(2차), 시멘트모르타르(보호용), 와이어매쉬(#8 150x150), 무근콘크리트, 대리석(물갈기) (200mm)"
IfcIfcColumn              , Structural Columns    , CL111-철근콘크리트구조 기둥 (각형)          , E22         , AD                                                               , CL111-철근콘크리트구조 기둥 (각형): CL111-철근콘크리트구조 기둥 (각형)_B2-B1C11_500x500                                             , CL111-철근콘크리트구조 기둥 (각형): CL111-철근콘크리트구조 기둥 (각형)_B2-B1C11_500x500                                             , CL111-철근콘크리트구조 기둥 (각형): CL111-철근콘크리트구조 기둥 (각형)_B2-B1C11_500x500
IfcIfcDoor                , 문                    , "DR422-회전문(전동식, 스테인리스 스틸)"     , E333        , ALA522A                                                          , "DR422-회전문(전동식, 스테인리스 스틸)"                                                                                             , "DR422-회전문(전동식, 스테인리스 스틸) 3000x2400mm"                                                                                 , 7445557
IfcIfcSlab                , 바닥                  , 바닥                                        , E93100      , AD                                                               , 바닥                                                                                                                                , 도로(일반)                                                                                                                          , 8014150
IfcIfcWallStandardCase    , Walls                 , Basic Wall                                  , E24         , AD                                                               , Basic Wall: WA110-철근콘크리트구조 벽_W1_T200                                                                                       , Basic Wall: WA110-철근콘크리트구조 벽_W1_T200                                                                                       , Basic Wall: WA110-철근콘크리트구조 벽_W1_T200
IfcIfcBeam                , Structural Framing    , BM110-철근콘크리트구조 보                   , E23         , AD                                                               , BM110-철근콘크리트구조 보: BM110-철근 콘크리트구조 보_2-10B4_400 x 400                                                              , BM110-철근콘크리트구조 보: BM110-철근 콘크리트구조 보_2-10B4_400 x 400                                                              , BM110-철근콘크리트구조 보: BM110-철근 콘크리트구조 보_2-10B4_400 x 400
IfcIfcSlab                , Floors                , Floor                                       , E251        , AD                                                               , Floor: SL110-철근콘크리트구조 바닥_B2-1S1_THK150                                                                                    , Floor: SL110-철근콘크리트구조 바닥_B2-1S1_THK150                                                                                    , Floor: SL110-철근콘크리트구조 바닥_B2-1S1_THK150
IfcIfcBeam                , Structural Framing    , BM110-철근콘크리트구조 보                   , E23         , AD                                                               , BM110-철근콘크리트구조 보: BM110-철근 콘크리트구조 보_2-10G11_500 x 400                                                             , BM110-철근콘크리트구조 보: BM110-철근 콘크리트구조 보_2-10G11_500 x 400                                                             , BM110-철근콘크리트구조 보: BM110-철근 콘크리트구조 보_2-10G11_500 x 400
IfcIfcFlowTerminal        , Plumbing Fixtures     , PF123-유아용 서양식 변기                    , E71210      , MHA122112000                                                     , PF123-유아용 서양식 변기: PF123-유아용 서양식 변기                                                                                  , PF123-유아용 서양식 변기: PF123-유아용 서양식 변기                                                                                  , PF123-유아용 서양식 변기: PF123-유아용 서양식 변기
IfcIfcBeam                , Structural Framing    , BM110-철근콘크리트구조 보                   , E23         , AD                                                               , BM110-철근콘크리트구조 보: BM110-철근 콘크리트구조 보_RB2_400 x 500                                                                 , BM110-철근콘크리트구조 보: BM110-철근 콘크리트구조 보_RB2_400 x 500                                                                 , BM110-철근콘크리트구조 보: BM110-철근 콘크리트구조 보_RB2_400 x 500
IfcIfcDoor                , 문                    , DR872-샤프트 점검구(스테인리스 스틸)        , E331        , AJG3                                                             , DR872-샤프트 점검구(스테인리스 스틸)                                                                                                , DR872-샤프트 점검구(스테인리스 스틸)_650x1600                                                                                       , 3648337
IfcIfcBeam                , 구조 프레임           , BM111-철근콘크리트구조 보                   , E23         , AD                                                               , BM111-철근콘크리트구조 보                                                                                                           , BM110-철근 콘크리트구조 보_400 x 400_2-10WG1                                                                                        , 7669424
IfcIfcSlab                , Floors                , Floor                                       , E251        , AD                                                               , Floor: SL110-철근콘크리트구조 바닥_2-10S4_THK150                                                                                    , Floor: SL110-철근콘크리트구조 바닥_2-10S4_THK150                                                                                    , Floor: SL110-철근콘크리트구조 바닥_2-10S4_THK150
IfcIfcFurnishingElement   , 가구                  , PF581-대변기 칸막이                         , E714        , AOC771                                                           , PF581-대변기 칸막이                                                                                                                 , PF581-대변기 칸막이(출입면) 970x1430x2400                                                                                           , 6868575
IfcIfcFurnishingElement   , Furniture             , FN122-업무용 책상(L형)                      , E81         , APA                                                              , FN122-업무용 책상(L형): FN122-업무용 책상(L형) 1800x1200 우형                                                                       , FN122-업무용 책상(L형): FN122-업무용 책상(L형) 1800x1200 우형                                                                       , FN122-업무용 책상(L형): FN122-업무용 책상(L형) 1800x1200 우형
IfcIfcFurnishingElement   , 가구                  , PF581-대변기 칸막이                         , E714        , AOC771                                                           , PF581-대변기 칸막이                                                                                                                 , PF581-대변기 칸막이(왼쪽) 970x1430x2400                                                                                             , 6868571
IfcIfcSlab                , Floors                , Floor                                       , E25         , ANI000012030+ADF102C+AJM4B+AGA441100000                          , "Floor: A1-12-09B-쇠흙손마감, 와이어매쉬(#8 150x150), 무근콘크리트, 에폭시페인트 (100mm)"                                           , "Floor: A1-12-09B-쇠흙손마감, 와이어매쉬(#8 150x150), 무근콘크리트, 에폭시페인트 (100mm)"                                           , "Floor: A1-12-09B-쇠흙손마감, 와이어매쉬(#8 150x150), 무근콘크리트, 에폭시페인트 (100mm)"
IfcIfcSlab                , Floors                , Floor                                       , E251        , AD                                                               , Floor: SL110-철근콘크리트구조 바닥_1S11_THK200                                                                                      , Floor: SL110-철근콘크리트구조 바닥_1S11_THK200                                                                                      , Floor: SL110-철근콘크리트구조 바닥_1S11_THK200
IfcIfcMember              , Curtain Wall Mullions , 직사각형 멀리언                             , E336        , ALC1                                                             , 직사각형 멀리언: CW200-직사각형 멀리언 60 x 100mm                                                                                   , 직사각형 멀리언: CW200-직사각형 멀리언 60 x 100mm                                                                                   , 직사각형 멀리언: CW200-직사각형 멀리언 60 x 100mm
IfcIfcWall                , 벽                    , 기본 벽                                     , E24         , AMB161A                                                          , 기본 벽                                                                                                                             , "WA313-화강석잔다듬 벽 (30, 건식50) 80mm"                                                                                           , 7431676
IfcIfcBeam                , 구조 프레임           , BM111-철근콘크리트구조 보                   , E23         , AD                                                               , BM111-철근콘크리트구조 보                                                                                                           , BM110-철근 콘크리트구조 보_400 x 400_2-10B2                                                                                         , 7669427
IfcIfcWall                , 벽                    , 기본 벽                                     , E275        , AD                                                               , 기본 벽                                                                                                                             , WA111-철근콘크리트구조 벽 300mm_RaW1                                                                                                , 7627184
IfcIfcWall                , 벽                    , 기본 벽                                     , E275        , AD                                                               , 기본 벽                                                                                                                             , WA111-철근콘크리트구조 벽 600mm_DW1                                                                                                 , 7626629
IfcIfcFurnishingElement   , 가구                  , FN322-사무용 책상 세트 1인(아크릴) Type 1   , E81         , APA                                                              , FN322-사무용 책상 세트 1인(아크릴) Type 1                                                                                           , FN322-사무용 책상 세트 1인(아크릴) Type 1 1444x1500x1220                                                                            , 6321600
IfcIfcWallStandardCase    , 벽                    , 기본 벽                                     , E275        , AD                                                               , 기본 벽                                                                                                                             , WA111-철근콘크리트구조 벽 200mm_W2                                                                                                  , 7625935
IfcIfcBeam                , Structural Framing    , BM110-철근콘크리트구조 보                   , E23         , AD                                                               , BM110-철근콘크리트구조 보: BM110-철근 콘크리트구조 보_RG3_400 x 500                                                                 , BM110-철근콘크리트구조 보: BM110-철근 콘크리트구조 보_RG3_400 x 500                                                                 , BM110-철근콘크리트구조 보: BM110-철근 콘크리트구조 보_RG3_400 x 500
IfcIfcWallStandardCase    , Walls                 , Basic Wall                                  , E24         , AD                                                               , Basic Wall: WA110-철근콘크리트구조 벽_BW3_T500                                                                                      , Basic Wall: WA110-철근콘크리트구조 벽_BW3_T500                                                                                      , Basic Wall: WA110-철근콘크리트구조 벽_BW3_T500
IfcIfcBeam                , 구조 프레임           , BM111-철근콘크리트구조 보                   , E23         , AD                                                               , BM111-철근콘크리트구조 보                                                                                                           , BM110-철근 콘크리트구조 보_400 x 400_2-10G10                                                                                        , 7669423
IfcIfcWall                , 벽                    , 기본 벽                                     , E24         , AMB161A+AD                                                       , 기본 벽                                                                                                                             , (복합)WA111(200_CW1)+WA313_철콘+화강석잔다듬                                                                                        , 7719098
IfcIfcRamp                , 바닥                  , 바닥                                        , E275        , AD                                                               , 바닥                                                                                                                                , RP111-철근콘크리트구조 램프 (직선형) 200mm                                                                                          , 7468692
IfcIfcWindow              , 창                    , WD733-그릴창(알루미늄)                      , E334        , ALB167900000                                                     , WD733-그릴창(알루미늄)                                                                                                              , WD733-그릴창(알루미늄)_600x800mm                                                                                                    , 7459609
IfcIfcDoor                , 문                    , "DR121-쌍여닫이문(철재, 방화문)"            , E333        , ALA110300000                                                     , "DR121-쌍여닫이문(철재, 방화문)"                                                                                                    , "DR121-쌍여닫이문(철재, 방화문) 1800x2100mm"                                                                                        , 7435628
IfcIfcWallStandardCase    , Walls                 , Basic Wall                                  , E24         , AMA112C+AGA114400000                                             , "Basic Wall: A1-33-01B-시멘트 모르타르, 도기질타일 (30mm)"                                                                          , "Basic Wall: A1-33-01B-시멘트 모르타르, 도기질타일 (30mm)"                                                                          , "Basic Wall: A1-33-01B-시멘트 모르타르, 도기질타일 (30mm)"
IfcIfcColumn              , Structural Columns    , CL111-철근콘크리트구조 기둥 (각형)          , E22         , AD                                                               , CL111-철근콘크리트구조 기둥 (각형): CL111-철근콘크리트구조 기둥 (각형)_RC5_300x300                                                  , CL111-철근콘크리트구조 기둥 (각형): CL111-철근콘크리트구조 기둥 (각형)_RC5_300x300                                                  , CL111-철근콘크리트구조 기둥 (각형): CL111-철근콘크리트구조 기둥 (각형)_RC5_300x300
IfcIfcFurnishingElement   , Furniture             , PF591-대변기용 장애인 손잡이(T자 고정식)    , E713        , APA18                                                            , PF591-대변기용 장애인 손잡이(T자 고정식): PF591-대변기용 장애인 손잡이(T자 고정식)                                                  , PF591-대변기용 장애인 손잡이(T자 고정식): PF591-대변기용 장애인 손잡이(T자 고정식)                                                  , PF591-대변기용 장애인 손잡이(T자 고정식): PF591-대변기용 장애인 손잡이(T자 고정식)
IfcIfcBeam                , Structural Framing    , BM110-철근콘크리트구조 보                   , E23         , AD                                                               , BM110-철근콘크리트구조 보: BM110-철근 콘크리트구조 보_1B5_400 x 800                                                                 , BM110-철근콘크리트구조 보: BM110-철근 콘크리트구조 보_1B5_400 x 800                                                                 , BM110-철근콘크리트구조 보: BM110-철근 콘크리트구조 보_1B5_400 x 800
IfcIfcWall                , Walls                 , Basic Wall                                  , E24         , AMA112C+AGA114400000                                             , "Basic Wall: A1-33-01B-시멘트 모르타르, 도기질타일 (30mm)"                                                                          , "Basic Wall: A1-33-01B-시멘트 모르타르, 도기질타일 (30mm)"                                                                          , "Basic Wall: A1-33-01B-시멘트 모르타르, 도기질타일 (30mm)"
IfcIfcBeam                , Structural Framing    , BM110-철근콘크리트구조 보                   , E23         , AD                                                               , BM110-철근콘크리트구조 보: BM110-철근 콘크리트구조 보_RB3_400 x 500                                                                 , BM110-철근콘크리트구조 보: BM110-철근 콘크리트구조 보_RB3_400 x 500                                                                 , BM110-철근콘크리트구조 보: BM110-철근 콘크리트구조 보_RB3_400 x 500
IfcIfcWall                , Walls                 , Basic Wall                                  , E24         , ANC132110000+AGA113100000+AGA441100000                           , "Basic Wall: A1-32-06A-콘크리트면정리, 시멘트모르타르(미장용), 수성페인트(내부) (18mm)"                                             , "Basic Wall: A1-32-06A-콘크리트면정리, 시멘트모르타르(미장용), 수성페인트(내부) (18mm)"                                             , "Basic Wall: A1-32-06A-콘크리트면정리, 시멘트모르타르(미장용), 수성페인트(내부) (18mm)"
IfcIfcSlab                , Floors                , Floor                                       , E25         , AND011+AGA3105C+ADF102100000+AJM4B+AHI0004E                      , "Floor: A1-12-13B-시멘트 액체방수(2차), 와이어매쉬(#8 150x150), 무근콘크리트, 시멘트모르타르(고름용), 우레탄페인트 (160mm)"         , "Floor: A1-12-13B-시멘트 액체방수(2차), 와이어매쉬(#8 150x150), 무근콘크리트, 시멘트모르타르(고름용), 우레탄페인트 (160mm)"         , "Floor: A1-12-13B-시멘트 액체방수(2차), 와이어매쉬(#8 150x150), 무근콘크리트, 시멘트모르타르(고름용), 우레탄페인트 (160mm)"
IfcIfcFurnishingElement   , Furniture             , FN113-소파(2인용)                           , E81         , APA                                                              , FN113-소파(2인용): FN113-소파(2인용) 1460x850                                                                                       , FN113-소파(2인용): FN113-소파(2인용) 1460x850                                                                                       , FN113-소파(2인용): FN113-소파(2인용) 1460x850
IfcIfcWall                , Walls                 , Basic Wall                                  , E24         , AD                                                               , Basic Wall: WA110-철근콘크리트구조 벽_CW2_T200                                                                                      , Basic Wall: WA110-철근콘크리트구조 벽_CW2_T200                                                                                      , Basic Wall: WA110-철근콘크리트구조 벽_CW2_T200
IfcIfcBeam                , Structural Framing    , BM110-철근콘크리트구조 보                   , E23         , AD                                                               , BM110-철근콘크리트구조 보: BM110-철근 콘크리트구조 보_RB1_400 x 500                                                                 , BM110-철근콘크리트구조 보: BM110-철근 콘크리트구조 보_RB1_400 x 500                                                                 , BM110-철근콘크리트구조 보: BM110-철근 콘크리트구조 보_RB1_400 x 500
IfcIfcBeam                , Structural Framing    , BM110-철근콘크리트구조 보                   , E23         , AD                                                               , BM110-철근콘크리트구조 보: BM110-철근 콘크리트구조 보_RWG2_400 x 500                                                                , BM110-철근콘크리트구조 보: BM110-철근 콘크리트구조 보_RWG2_400 x 500                                                                , BM110-철근콘크리트구조 보: BM110-철근 콘크리트구조 보_RWG2_400 x 500
IfcIfcWall                , Walls                 , Basic Wall                                  , E24         , AD                                                               , Basic Wall: WA110-철근콘크리트구조 벽_CW3_T200                                                                                      , Basic Wall: WA110-철근콘크리트구조 벽_CW3_T200                                                                                      , Basic Wall: WA110-철근콘크리트구조 벽_CW3_T200
IfcIfcColumn              , 구조 기둥             , CL111-철근콘크리트구조 기둥 (각형)1         , E22         , AD                                                               , CL111-철근콘크리트구조 기둥 (각형)1                                                                                                 , CL111-철근콘크리트구조 기둥 (각형)_600x600_B2-10C4                                                                                  , 7669437
IfcIfcBeam                , Structural Framing    , BM110-철근콘크리트구조 보                   , E23         , AD                                                               , BM110-철근콘크리트구조 보: BM110-철근 콘크리트구조 보_RG10_500 x 500                                                                , BM110-철근콘크리트구조 보: BM110-철근 콘크리트구조 보_RG10_500 x 500                                                                , BM110-철근콘크리트구조 보: BM110-철근 콘크리트구조 보_RG10_500 x 500
IfcIfcSlab                , Floors                , Floor                                       , E251        , AD                                                               , Floor: SL110-철근콘크리트구조 바닥_B1S4_THK200                                                                                      , Floor: SL110-철근콘크리트구조 바닥_B1S4_THK200                                                                                      , Floor: SL110-철근콘크리트구조 바닥_B1S4_THK200
IfcIfcFurnishingElement   , 가구                  , FN122-회의실 원형 테이블 세트 5인용         , E81         , APA                                                              , FN122-회의실 원형 테이블 세트 5인용                                                                                                 , FN122-회의실 원형 테이블 세트 5인용                                                                                                 , 6268317
IfcIfcBeam                , 구조 프레임           , BM111-철근콘크리트구조 보                   , E23         , AD                                                               , BM111-철근콘크리트구조 보                                                                                                           , BM110-철근 콘크리트구조 보_600 x 500_RG12                                                                                           , 7669448
IfcIfcSlab                , Floors                , Floor                                       , E251        , AD                                                               , Floor: SL110-철근콘크리트구조 바닥_1S13_THK200                                                                                      , Floor: SL110-철근콘크리트구조 바닥_1S13_THK200                                                                                      , Floor: SL110-철근콘크리트구조 바닥_1S13_THK200
IfcIfcBeam                , 구조 프레임           , BM111-철근콘크리트구조 보                   , E23         , AD                                                               , BM111-철근콘크리트구조 보                                                                                                           , BM110-철근 콘크리트구조 보_400 x 500_RB1                                                                                            , 7669440
IfcIfcFurnishingElement   , 가구                  , PF581-대변기 칸막이                         , E714        , AOC771                                                           , PF581-대변기 칸막이                                                                                                                 , PF581-대변기 칸막이(출입면) 970x1430x1900                                                                                           , 6868573
IfcIfcWallStandardCase    , 벽                    , 기본 벽                                     , E24         , AOC700010000                                                     , 기본 벽                                                                                                                             , "WA731-DRY WALL(C50, GS12.5mm) (1겹한면, GW50mm) 62.5mm"                                                                            , 6840292
IfcIfcWallStandardCase    , 벽                    , 기본 벽                                     , E275        , AD                                                               , 기본 벽                                                                                                                             , WA111-철근콘크리트구조 벽 300mm_RaW1                                                                                                , 7627184
IfcIfcColumn              , 구조 기둥             , CL111-철근콘크리트구조 기둥 (각형)1         , E22         , AD                                                               , CL111-철근콘크리트구조 기둥 (각형)1                                                                                                 , CL111-철근콘크리트구조 기둥 (각형)_500x500_B2-B1C11                                                                                 , 7669438
IfcIfcBeam                , Structural Framing    , BM110-철근콘크리트구조 보                   , E23         , AD                                                               , BM110-철근콘크리트구조 보: BM110-철근 콘크리트구조 보_RG11_500 x 500                                                                , BM110-철근콘크리트구조 보: BM110-철근 콘크리트구조 보_RG11_500 x 500                                                                , BM110-철근콘크리트구조 보: BM110-철근 콘크리트구조 보_RG11_500 x 500
IfcIfcBeam                , 구조 프레임           , BM111-철근콘크리트구조 보                   , E23         , AD                                                               , BM111-철근콘크리트구조 보                                                                                                           , BM110-철근 콘크리트구조 보_400 x 850_B1-1G4                                                                                         , 7667204
IfcIfcBeam                , 구조 프레임           , BM111-철근콘크리트구조 보                   , E23         , AD                                                               , BM111-철근콘크리트구조 보                                                                                                           , BM110-철근 콘크리트구조 보_400 x 500_RG7                                                                                            , 7669446
IfcIfcColumn              , Structural Columns    , CL111-철근콘크리트구조 기둥 (각형)          , E22         , AD                                                               , CL111-철근콘크리트구조 기둥 (각형): CL111-철근콘크리트구조 기둥 (각형)_B2-10C4_600x600                                              , CL111-철근콘크리트구조 기둥 (각형): CL111-철근콘크리트구조 기둥 (각형)_B2-10C4_600x600                                              , CL111-철근콘크리트구조 기둥 (각형): CL111-철근콘크리트구조 기둥 (각형)_B2-10C4_600x600
IfcIfcFurnishingElement   , 가구                  , FN611-사각 등받이 조합소파                  , E81         , APA                                                              , FN611-사각 등받이 조합소파                                                                                                          , FN611-사각 등받이 조합소파 TYPE-3 1500x645x723                                                                                      , 6360524
IfcIfcBuildingElementProxy, 가구                  , PF583-장애인 칸막이                         , E714        , AOC771                                                           , PF583-장애인 칸막이                                                                                                                 , PF583-장애인 칸막이                                                                                                                 , 6448293
IfcIfcBeam                , Structural Framing    , BM110-철근콘크리트구조 보                   , E23         , AD                                                               , BM110-철근콘크리트구조 보: BM110-철근 콘크리트구조 보_RG6_400 x 500                                                                 , BM110-철근콘크리트구조 보: BM110-철근 콘크리트구조 보_RG6_400 x 500                                                                 , BM110-철근콘크리트구조 보: BM110-철근 콘크리트구조 보_RG6_400 x 500
IfcIfcColumn              , 구조 기둥             , CL111-철근콘크리트구조 기둥 (각형)1         , E22         , AD                                                               , CL111-철근콘크리트구조 기둥 (각형)1                                                                                                 , CL111-철근콘크리트구조 기둥 (각형)_700x700_8-10C2                                                                                   , 7669434
IfcIfcColumn              , 구조 기둥             , CL111-철근콘크리트구조 기둥 (각형)1         , E22         , AD                                                               , CL111-철근콘크리트구조 기둥 (각형)1                                                                                                 , CL111-철근콘크리트구조 기둥 (각형)_700x700_8-10C3                                                                                   , 7669435
IfcIfcBeam                , 구조 프레임           , BM111-철근콘크리트구조 보                   , E23         , AD                                                               , BM111-철근콘크리트구조 보                                                                                                           , BM110-철근 콘크리트구조 보_500 x 500_RG11                                                                                           , 7669450
IfcIfcSlab                , Floors                , Floor                                       , E251        , AD                                                               , Floor: SL110-철근콘크리트구조 바닥_RS1_THK150                                                                                       , Floor: SL110-철근콘크리트구조 바닥_RS1_THK150                                                                                       , Floor: SL110-철근콘크리트구조 바닥_RS1_THK150
IfcIfcPlate               , 커튼월 패널           , CW410-프로젝트 창                           , E336        , ALC1                                                             , CW410-프로젝트 창                                                                                                                   , CW410-프로젝트 창 (하부개폐)                                                                                                        , 2126933
IfcIfcBeam                , Structural Framing    , BM110-철근콘크리트구조 보                   , E23         , AD                                                               , BM110-철근콘크리트구조 보: BM110-철근 콘크리트구조 보_RWG1_400 x 500                                                                , BM110-철근콘크리트구조 보: BM110-철근 콘크리트구조 보_RWG1_400 x 500                                                                , BM110-철근콘크리트구조 보: BM110-철근 콘크리트구조 보_RWG1_400 x 500
IfcIfcSlab                , Structural Foundations, Foundation Slab                             , E063        , AD                                                               , Foundation Slab: FT113-매트기초(기초슬래브)_MF1_1800mm                                                                              , Foundation Slab: FT113-매트기초(기초슬래브)_MF1_1800mm                                                                              , Foundation Slab: FT113-매트기초(기초슬래브)_MF1_1800mm
IfcIfcCovering            , 천장                  , 복합 천장                                   , E36         , ADR130400000+AOM20101A                                           , 복합 천장                                                                                                                           , "A1-46-01B-콘크리트면정리, 유리면 흡음판(그라스크로스) (50mm)"                                                                      , 6897902
IfcIfcFurnishingElement   , Furniture             , FN113-소파(2인용)                           , E81         , APA                                                              , FN113-소파(2인용): FN113-소파(2인용) 1360x860                                                                                       , FN113-소파(2인용): FN113-소파(2인용) 1360x860                                                                                       , FN113-소파(2인용): FN113-소파(2인용) 1360x860
IfcIfcDoor                , 문                    , DR222-외미닫이 자동문(전동식) 2000X2600mm   , E333        , ALA51                                                            , DR222-외미닫이 자동문(전동식) 2000X2600mm                                                                                           , DR222-외미닫이 자동문(전동식) 2000X2600mm                                                                                           , 7457689
IfcIfcWall                , 벽                    , 파라펫                                      , E24         , AJC103100000                                                     , 파라펫                                                                                                                              , 파라펫                                                                                                                              , 2991719
IfcIfcDoor                , 문                    , "DR111-외여닫이문(철재, 일반, 양개)"        , E333        , ALA110100000                                                     , "DR111-외여닫이문(철재, 일반, 양개)"                                                                                                , "DR111-외여닫이문(유리, 일반, 양개) 925x1970mm 2"                                                                                   , 7694949
IfcIfcWall                , 벽                    , 기본 벽                                     , E275        , AD                                                               , 기본 벽                                                                                                                             , WA111-철근콘크리트구조 벽 400mm_BW4                                                                                                 , 7628562
IfcIfcSlab                , Floors                , Floor                                       , E251        , AD                                                               , Floor: SL110-철근콘크리트구조 바닥_2-10S1_THK150                                                                                    , Floor: SL110-철근콘크리트구조 바닥_2-10S1_THK150                                                                                    , Floor: SL110-철근콘크리트구조 바닥_2-10S1_THK150
IfcIfcSlab                , Floors                , Floor                                       , E251        , AD                                                               , Floor: SL110-철근콘크리트구조 바닥_PRS1_THK150                                                                                      , Floor: SL110-철근콘크리트구조 바닥_PRS1_THK150                                                                                      , Floor: SL110-철근콘크리트구조 바닥_PRS1_THK150
IfcIfcFlowTerminal        , 위생기구              , PF411-평면붙임형 세면기                     , E71225      , MHA4                                                             , PF411-평면붙임형 세면기                                                                                                             , PF411-평면붙임형 세면기                                                                                                             , 6436009
IfcIfcSlab                , Floors                , Floor                                       , E25         , AMB3211E                                                         , Floor: A1-15-01B-화강석(물갈기) (80mm)                                                                                              , Floor: A1-15-01B-화강석(물갈기) (80mm)                                                                                              , Floor: A1-15-01B-화강석(물갈기) (80mm)
IfcIfcSlab                , 바닥                  , 바닥                                        , E25         , AMB3211B                                                         , 바닥                                                                                                                                , A1-15-01B-화강석(물갈기) (80mm)                                                                                                     , 6843992
IfcIfcBeam                , Structural Framing    , BM110-철근콘크리트구조 보                   , E23         , AD                                                               , BM110-철근콘크리트구조 보: BM110-철근 콘크리트구조 보_1WG2_400 x 850                                                                , BM110-철근콘크리트구조 보: BM110-철근 콘크리트구조 보_1WG2_400 x 850                                                                , BM110-철근콘크리트구조 보: BM110-철근 콘크리트구조 보_1WG2_400 x 850
IfcIfcWall                , Walls                 , Basic Wall                                  , E24         , AD                                                               , Basic Wall: WA110-철근콘크리트구조 벽_BW1_T400                                                                                      , Basic Wall: WA110-철근콘크리트구조 벽_BW1_T400                                                                                      , Basic Wall: WA110-철근콘크리트구조 벽_BW1_T400
IfcIfcBeam                , 구조 프레임           , BM111-철근콘크리트구조 보                   , E23         , AD                                                               , BM111-철근콘크리트구조 보                                                                                                           , BM110-철근 콘크리트구조 보_400 x 850_B1-1G3                                                                                         , 7667203
IfcIfcSlab                , 바닥                  , 바닥                                        , E251        , AD                                                               , 바닥                                                                                                                                , SL111-철근콘크리트구조 바닥 300mm_RaS1                                                                                              , 7641959
IfcIfcMember              , 커튼월 멀리언         , 직사각형 멀리언                             , E336        , ALC1                                                             , 직사각형 멀리언                                                                                                                     , CW200-직사각형 멀리언 100 x 100mm                                                                                                   , 3165390
IfcIfcFurnishingElement   , Furniture             , FN322-사무용 책상 세트 1인(아크릴) Type 1   , E81         , APA                                                              , FN322-사무용 책상 세트 1인(아크릴) Type 1: FN322-사무용 책상 세트 1인(아크릴) Type 1 1444x1500x1220                                 , FN322-사무용 책상 세트 1인(아크릴) Type 1: FN322-사무용 책상 세트 1인(아크릴) Type 1 1444x1500x1220                                 , FN322-사무용 책상 세트 1인(아크릴) Type 1: FN322-사무용 책상 세트 1인(아크릴) Type 1 1444x1500x1220
IfcIfcSlab                , Floors                , Floor                                       , E25         , AMB3032E                                                         , Floor: A1-14-06B-테라조타일 (80mm)                                                                                                  , Floor: A1-14-06B-테라조타일 (80mm)                                                                                                  , Floor: A1-14-06B-테라조타일 (80mm)
IfcIfcWallStandardCase    , 벽                    , 기본 벽                                     , E24         , ANC132110000+AGA113100000+AGA441100000                           , 기본 벽                                                                                                                             , "A1-32-06A-콘크리트면정리, 시멘트모르타르(미장용), 수성페인트(내부) (18mm)"                                                         , 6825441
IfcIfcBeam                , 구조 프레임           , BM111-철근콘크리트구조 보                   , E23         , AD                                                               , BM111-철근콘크리트구조 보                                                                                                           , BM110-철근 콘크리트구조 보_400 x 600_B1B4                                                                                           , 7669402
IfcIfcColumn              , 구조 기둥             , CL111-철근콘크리트구조 기둥 (각형)1         , E22         , AD                                                               , CL111-철근콘크리트구조 기둥 (각형)1                                                                                                 , CL111-철근콘크리트구조 기둥 (각형)_600x600_B2-B2C12                                                                                 , 7669432
IfcIfcWallStandardCase    , 벽                    , 기본 벽                                     , E275        , AD                                                               , 기본 벽                                                                                                                             , WA111-철근콘크리트구조 벽 200mm_BT1                                                                                                 , 7629825
IfcIfcSlab                , 바닥                  , 바닥                                        , E93200      , AD                                                               , 바닥                                                                                                                                , 보행로(일반)                                                                                                                        , 8014144
IfcIfcWallStandardCase    , 벽                    , 기본 벽                                     , E275        , AD                                                               , 기본 벽                                                                                                                             , WA111-철근콘크리트구조 벽 500mm_BW2                                                                                                 , 7626805
IfcIfcWallStandardCase    , 벽                    , 기본 벽                                     , E275        , AD                                                               , 기본 벽                                                                                                                             , WA111-철근콘크리트구조 벽 600mm_DW1                                                                                                 , 7626629
IfcIfcWallStandardCase    , 벽                    , 기본 벽                                     , E24         , AFA111010000                                                     , 기본 벽                                                                                                                             , WA211-시멘트벽돌(일반) 벽 (0.5B) 90mm                                                                                               , 6839214
IfcIfcPlate               , Curtain Panels        , CW300-THK24.Low-e coating glass             , E336        , ALC1                                                             , CW300-THK24.Low-e coating glass: CW300-THK24.Low-e coating glass                                                                    , CW300-THK24.Low-e coating glass: CW300-THK24.Low-e coating glass                                                                    , CW300-THK24.Low-e coating glass: CW300-THK24.Low-e coating glass
IfcIfcColumn              , 구조 기둥             , CL111-철근콘크리트구조 기둥 (각형)1         , E22         , AD                                                               , CL111-철근콘크리트구조 기둥 (각형)1                                                                                                 , CL111-철근콘크리트구조 기둥 (각형)_800x800_B2-4C1                                                                                   , 7669456
IfcIfcBeam                , 구조 프레임           , BM111-철근콘크리트구조 보                   , E23         , AD                                                               , BM111-철근콘크리트구조 보                                                                                                           , BM110-철근 콘크리트구조 보_500 x 850_B1-1G5                                                                                         , 7667205
IfcIfcDoor                , Doors                 , "DR121-쌍여닫이문(철재, 방화문)"            , E333        , ALA110303000                                                     , "DR121-쌍여닫이문(철재, 방화문): DR121-쌍여닫이문(철재, 방화문) 1800x2100mm_FSD2"                                                   , "DR121-쌍여닫이문(철재, 방화문): DR121-쌍여닫이문(철재, 방화문) 1800x2100mm_FSD2"                                                   , "DR121-쌍여닫이문(철재, 방화문): DR121-쌍여닫이문(철재, 방화문) 1800x2100mm_FSD2"
IfcIfcFurnishingElement   , 가구                  , FN122-회의 테이블 세트(6인)                 , E81         , APA                                                              , FN122-회의 테이블 세트(6인)                                                                                                         , FN122-회의 테이블 세트(6인) 5200x3400                                                                                               , 6228894
IfcIfcFurnishingElement   , 가구                  , PF581-대변기 칸막이                         , E71410      , AOC771                                                           , PF581-대변기 칸막이                                                                                                                 , PF581-대변기부스                                                                                                                    , 8037256
IfcIfcWall                , 벽                    , 기본 벽                                     , E24         , AOC700010000                                                     , 기본 벽                                                                                                                             , "WA731-DRY WALL(C50, GS12.5mm) (1겹한면, GW50mm) 62.5mm"                                                                            , 6840292
IfcIfcFurnishingElement   , 가구                  , PF531-거울                                  , E71320      , HB3                                                              , PF531-거울                                                                                                                          , PF531-거울 600x800                                                                                                                  , 6405131
IfcIfcBeam                , Structural Framing    , BM110-철근콘크리트구조 보                   , E23         , AD                                                               , BM110-철근콘크리트구조 보: BM110-철근 콘크리트구조 보_RG8_400 x 500                                                                 , BM110-철근콘크리트구조 보: BM110-철근 콘크리트구조 보_RG8_400 x 500                                                                 , BM110-철근콘크리트구조 보: BM110-철근 콘크리트구조 보_RG8_400 x 500
IfcIfcFurnishingElement   , 가구                  , FN113-소파(2인용)                           , E81         , APA                                                              , FN113-소파(2인용)                                                                                                                   , FN113-소파(2인용) 1360x860                                                                                                          , 6066555
IfcIfcBuildingElementProxy, 바닥                  , 바닥                                        , E25         , AD                                                               , 바닥                                                                                                                                , 보도 녹지대                                                                                                                         , 8014148
IfcIfcSlab                , Roofs                 , Basic Roof                                  , E26         , AD                                                               ,                                                                                                                                     ,                                                                                                                                     , 
IfcIfcBeam                , 구조 프레임           , BM111-철근콘크리트구조 보                   , E23         , AD                                                               , BM111-철근콘크리트구조 보                                                                                                           , BM110-철근 콘크리트구조 보_400 x 500_RWG2                                                                                           , 7669416
IfcIfcWallStandardCase    , Walls                 , Basic Wall                                  , E24         , AD                                                               , Basic Wall: WA110-철근콘크리트구조 벽_CW3_T200                                                                                      , Basic Wall: WA110-철근콘크리트구조 벽_CW3_T200                                                                                      , Basic Wall: WA110-철근콘크리트구조 벽_CW3_T200
IfcIfcWall                , Walls                 , Basic Wall                                  , E24         , AD                                                               , Basic Wall: WA110-철근콘크리트구조 벽_BW3_T500                                                                                      , Basic Wall: WA110-철근콘크리트구조 벽_BW3_T500                                                                                      , Basic Wall: WA110-철근콘크리트구조 벽_BW3_T500
IfcIfcWall                , Walls                 , Basic Wall                                  , E24         , AD                                                               , Basic Wall: WA110-철근콘크리트구조 벽_W3_T125                                                                                       , Basic Wall: WA110-철근콘크리트구조 벽_W3_T125                                                                                       , Basic Wall: WA110-철근콘크리트구조 벽_W3_T125
IfcIfcFurnishingElement   , 가구                  , FN111-바스툴 웨이브 고정형                  , E81         , APA                                                              , FN111-바스툴 웨이브 고정형                                                                                                          , FN111-바스툴 웨이브 고정형 풋링 650x650x1000                                                                                        , 6059598
IfcIfcSlab                , 구조 기초             , 기초 슬래브                                 , E063        , AD                                                               , 기초 슬래브                                                                                                                         , FT113-매트기초(기초슬래브)_MF1_1800mm                                                                                               , 6572322
IfcIfcFurnishingElement   , Furniture             , PF581-대변기 칸막이                         , E714        , AOC771                                                           , PF581-대변기 칸막이: PF581-대변기 칸막이(오른쪽) 1300*950*2400                                                                      , PF581-대변기 칸막이: PF581-대변기 칸막이(오른쪽) 1300*950*2400                                                                      , PF581-대변기 칸막이: PF581-대변기 칸막이(오른쪽) 1300*950*2400
IfcIfcBeam                , 구조 프레임           , BM111-철근콘크리트구조 보                   , E23         , AD                                                               , BM111-철근콘크리트구조 보                                                                                                           , BM110-철근 콘크리트구조 보_400 x 850_B1-1G2                                                                                         , 7667202
IfcIfcColumn              , Structural Columns    , CL111-철근콘크리트구조 기둥 (각형)          , E22         , AD                                                               , CL111-철근콘크리트구조 기둥 (각형): CL111-철근콘크리트구조 기둥 (각형)_5-6C1_700x700                                                , CL111-철근콘크리트구조 기둥 (각형): CL111-철근콘크리트구조 기둥 (각형)_5-6C1_700x700                                                , CL111-철근콘크리트구조 기둥 (각형): CL111-철근콘크리트구조 기둥 (각형)_5-6C1_700x700
IfcIfcWall                , 벽                    , 기본 벽                                     , E275        , AFC100+AJM+AOD112322000+AD+ANC132110000+AGA113100000+AGA441100000, 기본 벽                                                                                                                             , (복합)A2-22-02A+WA111(200_CW1)+A1-33-01B_압출+철콘+화장실                                                                           , 7717582
IfcIfcFurnishingElement   , 가구                  , PF531-거울                                  , E71320      , HB3                                                              , PF531-거울                                                                                                                          , PF531-거울 800x800                                                                                                                  , 6405129
IfcIfcBeam                , 구조 프레임           , BM111-철근콘크리트구조 보                   , E23         , AD                                                               , BM111-철근콘크리트구조 보                                                                                                           , BM110-철근 콘크리트구조 보_400 x 400_2-10B1                                                                                         , 7669421
IfcIfcBeam                , 구조 프레임           , BM111-철근콘크리트구조 보                   , E23         , AD                                                               , BM111-철근콘크리트구조 보                                                                                                           , BM110-철근 콘크리트구조 보_500 x 500_RG10                                                                                           , 7669451
IfcIfcBeam                , 구조 프레임           , BM111-철근콘크리트구조 보                   , E23         , AD                                                               , BM111-철근콘크리트구조 보                                                                                                           , BM110-철근 콘크리트구조 보_400 x 500_RG4                                                                                            , 7669442
IfcIfcBuildingElementProxy, Generic Models        , PF583-장애인 칸막이                         , E714        , AOC771                                                           , PF583-장애인 칸막이: PF583-장애인 칸막이                                                                                            , PF583-장애인 칸막이: PF583-장애인 칸막이                                                                                            , PF583-장애인 칸막이: PF583-장애인 칸막이
IfcIfcSlab                , 바닥                  , 바닥                                        , E251        , AD                                                               , 바닥                                                                                                                                , SL111-철근콘크리트구조 바닥 150mm_S1                                                                                                , 7622584
IfcIfcBeam                , Structural Framing    , BM110-철근콘크리트구조 보                   , E23         , AD                                                               , BM110-철근콘크리트구조 보: BM110-철근 콘크리트구조 보_RG2_400 x 500                                                                 , BM110-철근콘크리트구조 보: BM110-철근 콘크리트구조 보_RG2_400 x 500                                                                 , BM110-철근콘크리트구조 보: BM110-철근 콘크리트구조 보_RG2_400 x 500
IfcIfcBuildingElementProxy, 주차장                , SE251-기본주차                              , E77         , CLH2601                                                          , SE251-기본주차                                                                                                                      , SE251-기본주차 장애인전용                                                                                                           , 3098911
IfcIfcBeam                , Structural Framing    , BM110-철근콘크리트구조 보                   , E23         , AD                                                               , BM110-철근콘크리트구조 보: BM110-철근 콘크리트구조 보_RG4_400 x 500                                                                 , BM110-철근콘크리트구조 보: BM110-철근 콘크리트구조 보_RG4_400 x 500                                                                 , BM110-철근콘크리트구조 보: BM110-철근 콘크리트구조 보_RG4_400 x 500
IfcIfcWallStandardCase    , 벽                    , 기본 벽                                     , E275        , AFC100+AJM+AOD112322000+AD+ANC132110000+AGA113100000+AGA441100000, 기본 벽                                                                                                                             , (복합)A2-22-02A+WA111(200_W1)+A1-32-06A_금속+철콘+수성 3                                                                            , 7718854
IfcIfcBeam                , Structural Framing    , BM110-철근콘크리트구조 보                   , E23         , AD                                                               , BM110-철근콘크리트구조 보: BM110-철근 콘크리트구조 보_RG7_400 x 500                                                                 , BM110-철근콘크리트구조 보: BM110-철근 콘크리트구조 보_RG7_400 x 500                                                                 , BM110-철근콘크리트구조 보: BM110-철근 콘크리트구조 보_RG7_400 x 500
IfcIfcFurnishingElement   , Furniture             , FN611-사각 등받이 조합소파                  , E81         , APA                                                              , FN611-사각 등받이 조합소파: FN611-사각 등받이 조합소파 TYPE-3 1500x645x723                                                          , FN611-사각 등받이 조합소파: FN611-사각 등받이 조합소파 TYPE-3 1500x645x723                                                          , FN611-사각 등받이 조합소파: FN611-사각 등받이 조합소파 TYPE-3 1500x645x723
IfcIfcBeam                , Structural Framing    , BM110-철근콘크리트구조 보                   , E23         , AD                                                               , BM110-철근콘크리트구조 보: BM110-철근 콘크리트구조 보_RG5_500 x 500                                                                 , BM110-철근콘크리트구조 보: BM110-철근 콘크리트구조 보_RG5_500 x 500                                                                 , BM110-철근콘크리트구조 보: BM110-철근 콘크리트구조 보_RG5_500 x 500
IfcIfcSlab                , 바닥                  , 바닥                                        , E251        , AD                                                               , 바닥                                                                                                                                , SL111-철근콘크리트구조 바닥 200mm_S11                                                                                               , 7622781
IfcIfcWall                , 벽                    , 파라펫1                                     , E24         , AJC103100000                                                     , 파라펫1                                                                                                                             , 파라펫                                                                                                                              , 2996262
IfcIfcBuildingElementProxy, 주차장                , SE251-기본주차                              , E77         , CLH2601                                                          , SE251-기본주차                                                                                                                      , SE251-기본주차 확장형                                                                                                               , 3098913
IfcIfcWall                , 벽                    , 기본 벽                                     , E24         , ANC132110000+AGA113100000+AGA441100000                           , 기본 벽                                                                                                                             , "A1-32-06A-콘크리트면정리, 시멘트모르타르(미장용), 수성페인트(내부) (18mm)"                                                         , 6825441
IfcIfcWallStandardCase    , 벽                    , 기본 벽                                     , E24         , AMB161A+AD                                                       , 기본 벽                                                                                                                             , (복합)WA111(200_CW1)+WA313_철콘+화강석잔다듬                                                                                        , 7719098
IfcIfcFurnishingElement   , Furniture             , FN122-업무용 책상(L형)                      , E81         , APA                                                              , FN122-업무용 책상(L형): FN122-업무용 책상(L형) 1400x1200 좌형                                                                       , FN122-업무용 책상(L형): FN122-업무용 책상(L형) 1400x1200 좌형                                                                       , FN122-업무용 책상(L형): FN122-업무용 책상(L형) 1400x1200 좌형
IfcIfcFurnishingElement   , 가구                  , PF591-대변기용 장애인 손잡이(상하가동식)    , E713        , APA18                                                            , PF591-대변기용 장애인 손잡이(상하가동식)                                                                                            , PF591-대변기용 장애인 손잡이(상하가동식)                                                                                            , 6418508
IfcIfcWallStandardCase    , 벽                    , 기본 벽                                     , E275        , AD                                                               , 기본 벽                                                                                                                             , WA111-철근콘크리트구조 벽 200mm_CW2                                                                                                 , 7626131
IfcIfcBeam                , 구조 프레임           , BM111-철근콘크리트구조 보                   , E23         , AD                                                               , BM111-철근콘크리트구조 보                                                                                                           , BM110-철근 콘크리트구조 보_400 x 800_B1B3                                                                                           , 7669401
IfcIfcSlab                , Floors                , Floor                                       , E25         , AOA111                                                           , Floor: SL440-목재블록 바닥                                                                                                          , Floor: SL440-목재블록 바닥                                                                                                          , Floor: SL440-목재블록 바닥
IfcIfcDoor                , Doors                 , DR872-샤프트 점검구(스테인리스 스틸)        , E331        , AJG3                                                             , DR872-샤프트 점검구(스테인리스 스틸): DR872-샤프트 점검구(스테인리스 스틸)_SD3_650*1600                                             , DR872-샤프트 점검구(스테인리스 스틸): DR872-샤프트 점검구(스테인리스 스틸)_SD3_650*1600                                             , DR872-샤프트 점검구(스테인리스 스틸): DR872-샤프트 점검구(스테인리스 스틸)_SD3_650*1600
IfcIfcSlab                , Floors                , Floor                                       , E251        , AD                                                               , Floor: SL110-철근콘크리트구조 바닥_2-10S3_THK150                                                                                    , Floor: SL110-철근콘크리트구조 바닥_2-10S3_THK150                                                                                    , Floor: SL110-철근콘크리트구조 바닥_2-10S3_THK150
IfcIfcWallStandardCase    , Walls                 , Basic Wall                                  , E24         , AD                                                               , Basic Wall: WA110-철근콘크리트구조 벽_BW5_T500                                                                                      , Basic Wall: WA110-철근콘크리트구조 벽_BW5_T500                                                                                      , Basic Wall: WA110-철근콘크리트구조 벽_BW5_T500
IfcIfcWall                , Walls                 , Basic Wall                                  , E24         , AD                                                               , Basic Wall: WA110-철근콘크리트구조 벽_BW4_T500                                                                                      , Basic Wall: WA110-철근콘크리트구조 벽_BW4_T500                                                                                      , Basic Wall: WA110-철근콘크리트구조 벽_BW4_T500
IfcIfcSlab                , 바닥                  , 바닥                                        , E251        , AD+AMB3211B                                                      , 바닥                                                                                                                                , (복합)SL111(150_S4)+A1-15-01B_철콘+화강석                                                                                           , 7726581
IfcIfcWallStandardCase    , Walls                 , Basic Wall                                  , E24         , AD                                                               , Basic Wall: WA110-철근콘크리트구조 벽_W3_T125                                                                                       , Basic Wall: WA110-철근콘크리트구조 벽_W3_T125                                                                                       , Basic Wall: WA110-철근콘크리트구조 벽_W3_T125
IfcIfcWallStandardCase    , Walls                 , Basic Wall                                  , E24         , ANC132110000+AGA113100000+AGA441100000                           , "Basic Wall: A1-32-06A-콘크리트면정리, 시멘트모르타르(미장용), 수성페인트(내부) (18mm)"                                             , "Basic Wall: A1-32-06A-콘크리트면정리, 시멘트모르타르(미장용), 수성페인트(내부) (18mm)"                                             , "Basic Wall: A1-32-06A-콘크리트면정리, 시멘트모르타르(미장용), 수성페인트(내부) (18mm)"
IfcIfcDoor                , 문                    , EE111-엘리베이터문(문)                      , E66110      , EPA                                                              , EE111-엘리베이터문(문)                                                                                                              , EE111-엘리베이터문(20인승)_1100x2550                                                                                                , 7620949
IfcIfcWallStandardCase    , Walls                 , Basic Wall                                  , E24         , AD                                                               , Basic Wall: WA110-철근콘크리트구조 벽_BW1_T400                                                                                      , Basic Wall: WA110-철근콘크리트구조 벽_BW1_T400                                                                                      , Basic Wall: WA110-철근콘크리트구조 벽_BW1_T400
IfcIfcBeam                , Structural Framing    , BM110-철근콘크리트구조 보                   , E23         , AD                                                               , BM110-철근콘크리트구조 보: BM110-철근 콘크리트구조 보_2-10G2_400 x 400                                                              , BM110-철근콘크리트구조 보: BM110-철근 콘크리트구조 보_2-10G2_400 x 400                                                              , BM110-철근콘크리트구조 보: BM110-철근 콘크리트구조 보_2-10G2_400 x 400
IfcIfcBeam                , 구조 프레임           , BM111-철근콘크리트구조 보                   , E23         , AD                                                               , BM111-철근콘크리트구조 보                                                                                                           , BM110-철근 콘크리트구조 보_500 x 500_RG5                                                                                            , 7669441
IfcIfcBeam                , 구조 프레임           , BM111-철근콘크리트구조 보                   , E23         , AD                                                               , BM111-철근콘크리트구조 보                                                                                                           , BM110-철근 콘크리트구조 보_400 x 500_1G7(역보)                                                                                      , 7667207
IfcIfcSlab                , 바닥                  , 바닥                                        , E25         , AMB322D+ADF102100000+AJM4B+AHJ111201000+AHD11+AGA441100000       , 바닥                                                                                                                                , "A1-15-09B-쇠흙손마감, 침투성방수(2차), 시멘트모르타르(보호용), 와이어매쉬(#8 150x150), 무근콘크리트, 대리석(물갈기) (200mm)"       , 6844367
IfcIfcBeam                , 구조 프레임           , BM111-철근콘크리트구조 보                   , E23         , AD                                                               , BM111-철근콘크리트구조 보                                                                                                           , BM110-철근 콘크리트구조 보_400 x 400_2-10B5                                                                                         , 7669414
IfcIfcWallStandardCase    , Walls                 , Basic Wall                                  , E24         , AD                                                               , Basic Wall: WA110-철근콘크리트구조 벽_BW2_T400                                                                                      , Basic Wall: WA110-철근콘크리트구조 벽_BW2_T400                                                                                      , Basic Wall: WA110-철근콘크리트구조 벽_BW2_T400
IfcIfcStair               , 계단                  , 현장타설 계단                               , E270        , AD                                                               , 현장타설 계단                                                                                                                       , ST111-철근콘크리트구조 계단 (직선형)                                                                                                , 7468661
IfcIfcWallStandardCase    , 벽                    , 기본 벽                                     , E24         , AOC700010000ANC132110000+AGA113100000+AGA441100000               , 기본 벽                                                                                                                             , (복합)WA731+A1-32-06A_수성+칸막이                                                                                                   , 7717578
IfcIfcSlab                , Floors                , Floor                                       , E251        , AD                                                               , Floor: SL110-철근콘크리트구조 바닥_1S4_THK200                                                                                       , Floor: SL110-철근콘크리트구조 바닥_1S4_THK200                                                                                       , Floor: SL110-철근콘크리트구조 바닥_1S4_THK200
IfcIfcWallStandardCase    , 벽                    , 기본 벽                                     , E24         , AMB161A                                                          , 기본 벽                                                                                                                             , "WA313-화강석잔다듬 벽 (30, 건식50) 80mm"                                                                                           , 7431676
IfcIfcBeam                , 구조 프레임           , BM111-철근콘크리트구조 보                   , E23         , AD                                                               , BM111-철근콘크리트구조 보                                                                                                           , BM110-철근 콘크리트구조 보_400 x 500_RG6                                                                                            , 7669444
IfcIfcDoor                , 가구                  , SE251-장애인전용 표시                       , E77         , CLH2603                                                          , SE251-장애인전용 표시                                                                                                               , SE251-장애인전용 표시                                                                                                               , 3121236
IfcIfcBuildingElementProxy, 일반 모델             , LA241-자전거 보관대 (야외)                  , E94390      , CDK76310N007                                                     , LA241-자전거 보관대 (야외)                                                                                                          , LA241-자전거 보관대 (야외)                                                                                                          , 8091582
IfcIfcWall                , 벽                    , 기본 벽                                     , E275        , AD                                                               , 기본 벽                                                                                                                             , WA111-철근콘크리트구조 벽 500mm_BW5                                                                                                 , 7626577
IfcIfcBuildingElementProxy, 바닥                  , 바닥                                        , E93100      , AD                                                               , 바닥                                                                                                                                , 도로(일반)                                                                                                                          , 8014150
IfcIfcRamp                , 바닥                  , 바닥                                        , E251        , AD                                                               , 바닥                                                                                                                                , SL111-철근콘크리트구조 바닥 150mm_S3                                                                                                , 7622680
IfcIfcBeam                , 구조 프레임           , BM111-철근콘크리트구조 보                   , E23         , AD                                                               , BM111-철근콘크리트구조 보                                                                                                           , BM110-철근 콘크리트구조 보_400 x 500_RG3                                                                                            , 7669452
IfcIfcColumn              , 구조 기둥             , CL111-철근콘크리트구조 기둥 (각형)1         , E22         , AD                                                               , CL111-철근콘크리트구조 기둥 (각형)1                                                                                                 , CL111-철근콘크리트구조 기둥 (각형)_300x300_RC5                                                                                      , 7669431
IfcIfcBeam                , Structural Framing    , BM110-철근콘크리트구조 보                   , E23         , AD                                                               , BM110-철근콘크리트구조 보: BM110-철근 콘크리트구조 보_1G7(역보)_400 x 500                                                           , BM110-철근콘크리트구조 보: BM110-철근 콘크리트구조 보_1G7(역보)_400 x 500                                                           , BM110-철근콘크리트구조 보: BM110-철근 콘크리트구조 보_1G7(역보)_400 x 500
IfcIfcFurnishingElement   , Furniture             , FN122-회의실 원형 테이블 세트 5인용         , E81         , APA                                                              , FN122-회의실 원형 테이블 세트 5인용: FN122-회의실 원형 테이블 세트 5인용                                                            , FN122-회의실 원형 테이블 세트 5인용: FN122-회의실 원형 테이블 세트 5인용                                                            , FN122-회의실 원형 테이블 세트 5인용: FN122-회의실 원형 테이블 세트 5인용
IfcIfcBeam                , 구조 프레임           , BM111-철근콘크리트구조 보                   , E23         , AD                                                               , BM111-철근콘크리트구조 보                                                                                                           , BM110-철근 콘크리트구조 보_400 x 850_B1-1WG1                                                                                        , 7667206
IfcIfcSlab                , 바닥                  , 바닥                                        , E251        , AD                                                               , 바닥                                                                                                                                , SL111-철근콘크리트구조 바닥 150mm_S4                                                                                                , 7622712
IfcIfcFurnishingElement   , Furniture             , FN113-소파(3인용)                           , E81         , APA                                                              , FN113-소파(3인용): FN113-소파(3인용) 2100x950                                                                                       , FN113-소파(3인용): FN113-소파(3인용) 2100x950                                                                                       , FN113-소파(3인용): FN113-소파(3인용) 2100x950
IfcIfcWall                , 벽                    , 기본 벽                                     , E275        , AFC100+AJM+AOD112322000+AD+ANC132110000+AGA113100000+AGA441100000, 기본 벽                                                                                                                             , (복합)A2-22-02A+WA111(200_W1)+A1-32-06A_금속+철콘+수성 3                                                                            , 7718854
IfcIfcColumn              , 구조 기둥             , CL111-철근콘크리트구조 기둥 (각형)1         , E22         , AD                                                               , CL111-철근콘크리트구조 기둥 (각형)1                                                                                                 , CL111-철근콘크리트구조 기둥 (각형)_800x800_B2-7C3                                                                                   , 7669459
IfcIfcBuildingElementProxy, Generic Models        , SE251-기본주차                              , E77         , CLH2601                                                          , SE251-기본주차: SE251-기본주차 일반형                                                                                               , SE251-기본주차: SE251-기본주차 일반형                                                                                               , SE251-기본주차: SE251-기본주차 일반형
IfcIfcSlab                , 바닥                  , 바닥                                        , E251        , AD+AMB3211B                                                      , 바닥                                                                                                                                , (복합)SL111(150_S3)+A1-15-01B_철콘+화강석                                                                                           , 7726181
IfcIfcSlab                , 바닥                  , 바닥                                        , E251        , AD+AMB3032E                                                      , 바닥                                                                                                                                , (복합)SL111(150_S1)+A1-14-06B_철콘+테라조                                                                                           , 7725765
IfcIfcMember              , Curtain Wall Mullions , 직사각형 멀리언                             , E336        , ALC1                                                             , 직사각형 멀리언: CW200-직사각형 멀리언 100 x 100mm                                                                                  , 직사각형 멀리언: CW200-직사각형 멀리언 100 x 100mm                                                                                  , 직사각형 멀리언: CW200-직사각형 멀리언 100 x 100mm
IfcIfcSlab                , Floors                , Floor                                       , E25         , AMA3+AHJ112400000+AHC10091A+AGA133600000                         , "Floor: A1-14-03A-시멘트모르타르(고름용), 도막방수, 시멘트모르타르(보호용), 자기질타일 (90mm)"                                      , "Floor: A1-14-03A-시멘트모르타르(고름용), 도막방수, 시멘트모르타르(보호용), 자기질타일 (90mm)"                                      , "Floor: A1-14-03A-시멘트모르타르(고름용), 도막방수, 시멘트모르타르(보호용), 자기질타일 (90mm)"
IfcIfcBeam                , Structural Framing    , BM120-철골구조 보                           , E23         , AEA                                                              , BM120-철골구조 보: BM120-철골구조 H형강(H-100x100) 보_SG11_H-100x100x8x6                                                            , BM120-철골구조 보: BM120-철골구조 H형강(H-100x100) 보_SG11_H-100x100x8x6                                                            , BM120-철골구조 보: BM120-철골구조 H형강(H-100x100) 보_SG11_H-100x100x8x6
IfcIfcFurnishingElement   , 가구                  , PF581-대변기 칸막이                         , E714        , AOC771                                                           , PF581-대변기 칸막이                                                                                                                 , PF581-대변기 칸막이(왼쪽) 970x1430x1900                                                                                             , 6868569
IfcIfcWall                , 벽                    , 기본 벽                                     , E275        , AD                                                               , 기본 벽                                                                                                                             , WA111-철근콘크리트구조 벽 200mm_W1                                                                                                  , 7626970
IfcIfcBeam                , Structural Framing    , BM110-철근콘크리트구조 보                   , E23         , AD                                                               , BM110-철근콘크리트구조 보: BM110-철근 콘크리트구조 보_2-10WG2_400 x 400                                                             , BM110-철근콘크리트구조 보: BM110-철근 콘크리트구조 보_2-10WG2_400 x 400                                                             , BM110-철근콘크리트구조 보: BM110-철근 콘크리트구조 보_2-10WG2_400 x 400
IfcIfcWall                , Walls                 , Basic Wall                                  , E24         , AD                                                               , Basic Wall: WA110-철근콘크리트구조 벽_BW5_T500                                                                                      , Basic Wall: WA110-철근콘크리트구조 벽_BW5_T500                                                                                      , Basic Wall: WA110-철근콘크리트구조 벽_BW5_T500
IfcIfcWallStandardCase    , Walls                 , Basic Wall                                  , E24         , AMB111                                                           , Basic Wall: WA310-화강석 벽                                                                                                         , Basic Wall: WA310-화강석 벽                                                                                                         , Basic Wall: WA310-화강석 벽
IfcIfcFurnishingElement   , Furniture             , PF581-대변기 칸막이                         , E714        , AOC771                                                           , PF581-대변기 칸막이: PF581-대변기 칸막이(출입면) 970*1430*1900                                                                      , PF581-대변기 칸막이: PF581-대변기 칸막이(출입면) 970*1430*1900                                                                      , PF581-대변기 칸막이: PF581-대변기 칸막이(출입면) 970*1430*1900
IfcIfcBeam                , Structural Framing    , BM110-철근콘크리트구조 보                   , E23         , AD                                                               , BM110-철근콘크리트구조 보: BM110-철근 콘크리트구조 보_B1B4_400 x 600                                                                , BM110-철근콘크리트구조 보: BM110-철근 콘크리트구조 보_B1B4_400 x 600                                                                , BM110-철근콘크리트구조 보: BM110-철근 콘크리트구조 보_B1B4_400 x 600
IfcIfcBeam                , 구조 프레임           , BM111-철근콘크리트구조 보                   , E23         , AD                                                               , BM111-철근콘크리트구조 보                                                                                                           , BM110-철근 콘크리트구조 보_400 x 400_2-10G7                                                                                         , 7669418
IfcIfcWall                , Walls                 , Basic Wall                                  , E24         , ANC132110000+AGA114600000+AHG3+AGA441100000                      , "Basic Wall: A1-32-07A-콘크리트면정리, 바닥방수연장, 시멘트모르타르(미장용), 수성페인트(내부) (24mm)"                               , "Basic Wall: A1-32-07A-콘크리트면정리, 바닥방수연장, 시멘트모르타르(미장용), 수성페인트(내부) (24mm)"                               , "Basic Wall: A1-32-07A-콘크리트면정리, 바닥방수연장, 시멘트모르타르(미장용), 수성페인트(내부) (24mm)"
IfcIfcWall                , Walls                 , Basic Wall                                  , E24         , AFA11                                                            , Basic Wall: WA211-시멘트벽돌(일반) 벽 (0.5B) 90mm                                                                                   , Basic Wall: WA211-시멘트벽돌(일반) 벽 (0.5B) 90mm                                                                                   , Basic Wall: WA211-시멘트벽돌(일반) 벽 (0.5B) 90mm
IfcIfcBeam                , 구조 프레임           , BM111-철근콘크리트구조 보                   , E23         , AD                                                               , BM111-철근콘크리트구조 보                                                                                                           , BM110-철근 콘크리트구조 보_400 x 600_1B3                                                                                            , 7667216
IfcIfcFurnishingElement   , Furniture             , PF581-대변기 칸막이                         , E714        , AOC771                                                           , PF581-대변기 칸막이: PF581-대변기 칸막이(오른쪽) 1300*950*1900                                                                      , PF581-대변기 칸막이: PF581-대변기 칸막이(오른쪽) 1300*950*1900                                                                      , PF581-대변기 칸막이: PF581-대변기 칸막이(오른쪽) 1300*950*1900
IfcIfcFurnishingElement   , 가구                  , PF581-대변기 칸막이                         , E714        , AOC771                                                           , PF581-대변기 칸막이                                                                                                                 , PF581-대변기 칸막이(오른쪽) 1300x950x1900                                                                                           , 6868565
IfcIfcWindow              , Windows               , WD730-그릴창                                , E334        , ALB167900000                                                     , WD730-그릴창: WD730-그릴창_알루미늄바_ST1_THK100                                                                                    , WD730-그릴창: WD730-그릴창_알루미늄바_ST1_THK100                                                                                    , WD730-그릴창: WD730-그릴창_알루미늄바_ST1_THK100
IfcIfcWallStandardCase    , 벽                    , 기본 벽                                     , E275        , AD                                                               , 기본 벽                                                                                                                             , WA111-철근콘크리트구조 벽 500mm_BW5                                                                                                 , 7626577
IfcIfcColumn              , 구조 기둥             , CL111-철근콘크리트구조 기둥 (각형)1         , E22         , AD                                                               , CL111-철근콘크리트구조 기둥 (각형)1                                                                                                 , CL111-철근콘크리트구조 기둥 (각형)_800x800_2-7C2                                                                                    , 7669458
IfcIfcWall                , Walls                 , Basic Wall                                  , E24         , AFC100+AJM+WA821                                                 , "Basic Wall: A2-22-02A-압출스치로품, BRACKET(STEEL), ALC블록 (150mm)"                                                               , "Basic Wall: A2-22-02A-압출스치로품, BRACKET(STEEL), ALC블록 (150mm)"                                                               , "Basic Wall: A2-22-02A-압출스치로품, BRACKET(STEEL), ALC블록 (150mm)"
IfcIfcWallStandardCase    , Walls                 , Basic Wall                                  , E24         , AJN+AJM4+WA821                                                   , "Basic Wall: A2-26-01A-압출스치로품, 금속 긴결철물, 금속외장패널 (150mm)"                                                           , "Basic Wall: A2-26-01A-압출스치로품, 금속 긴결철물, 금속외장패널 (150mm)"                                                           , "Basic Wall: A2-26-01A-압출스치로품, 금속 긴결철물, 금속외장패널 (150mm)"
IfcIfcFurnishingElement   , Furniture             , FN122-회의 테이블 세트(6인)                 , E81         , APA                                                              , FN122-회의 테이블 세트(6인): FN122-회의 테이블 세트(6인) 5200x3400                                                                  , FN122-회의 테이블 세트(6인): FN122-회의 테이블 세트(6인) 5200x3400                                                                  , FN122-회의 테이블 세트(6인): FN122-회의 테이블 세트(6인) 5200x3400
IfcIfcBeam                , 구조 프레임           , BM111-철근콘크리트구조 보                   , E23         , AD                                                               , BM111-철근콘크리트구조 보                                                                                                           , BM110-철근 콘크리트구조 보_600 x 600_RAWG1                                                                                          , 7669397
IfcIfcBuildingElementProxy, Generic Models        , SE251-기본주차                              , E77         , CLH2601                                                          , SE251-기본주차: SE251-기본주차 경형                                                                                                 , SE251-기본주차: SE251-기본주차 경형                                                                                                 , SE251-기본주차: SE251-기본주차 경형
IfcIfcPlate               , Curtain Panels        , CW410-프로젝트 창                           , E336        , ALC1                                                             , CW410-프로젝트 창: CW410-프로젝트 창 (하부개폐)                                                                                     , CW410-프로젝트 창: CW410-프로젝트 창 (하부개폐)                                                                                     , CW410-프로젝트 창: CW410-프로젝트 창 (하부개폐)
IfcIfcBeam                , 구조 프레임           , BM111-철근콘크리트구조 보                   , E23         , AD                                                               , BM111-철근콘크리트구조 보                                                                                                           , BM110-철근 콘크리트구조 보_400 x 800_B1-1B2                                                                                         , 7667211
IfcIfcSlab                , Floors                , Floor                                       , E251        , AD                                                               , Floor: SL110-철근콘크리트구조 바닥_2-10S2_THK150                                                                                    , Floor: SL110-철근콘크리트구조 바닥_2-10S2_THK150                                                                                    , Floor: SL110-철근콘크리트구조 바닥_2-10S2_THK150
IfcIfcFurnishingElement   , Furniture             , PF531-거울                                  , E71320      , HB3                                                              , PF531-거울: PF531-거울 800x800                                                                                                      , PF531-거울: PF531-거울 800x800                                                                                                      , PF531-거울: PF531-거울 800x800
IfcIfcFurnishingElement   , Furniture             , PF581-대변기 칸막이                         , E714        , AOC771                                                           , PF581-대변기 칸막이: PF581-대변기 칸막이(왼쪽) 970*1430*2400                                                                        , PF581-대변기 칸막이: PF581-대변기 칸막이(왼쪽) 970*1430*2400                                                                        , PF581-대변기 칸막이: PF581-대변기 칸막이(왼쪽) 970*1430*2400
IfcIfcColumn              , Structural Columns    , CL111-철근콘크리트구조 기둥 (각형)          , E22         , AD                                                               , CL111-철근콘크리트구조 기둥 (각형): CL111-철근콘크리트구조 기둥 (각형)_B2-4C1_800x800                                               , CL111-철근콘크리트구조 기둥 (각형): CL111-철근콘크리트구조 기둥 (각형)_B2-4C1_800x800                                               , CL111-철근콘크리트구조 기둥 (각형): CL111-철근콘크리트구조 기둥 (각형)_B2-4C1_800x800
IfcIfcSlab                , 바닥                  , 바닥                                        , E251        , AD+AMB3032E                                                      , 바닥                                                                                                                                , (복합)SL111(150_S2)+A1-14-06B_철콘+테라조                                                                                           , 7725828
IfcIfcColumn              , Structural Columns    , CL120-철골구조 기둥                         , E22         , AEA                                                              , CL120-철골구조 기둥: CL120-철골구조 H형강(H-200x200) 기둥_SC11_H-200x200x8x12                                                       , CL120-철골구조 기둥: CL120-철골구조 H형강(H-200x200) 기둥_SC11_H-200x200x8x12                                                       , CL120-철골구조 기둥: CL120-철골구조 H형강(H-200x200) 기둥_SC11_H-200x200x8x12
IfcIfcDoor                , 문                    , EE111-엘리베이터문(문)                      , E66110      , EPA                                                              , EE111-엘리베이터문(문)                                                                                                              , EE111-엘리베이터문(13인승)_1100x2550                                                                                                , 7620945
IfcIfcSlab                , Floors                , Floor                                       , E251        , AD                                                               , Floor: SL110-철근콘크리트구조 바닥_PRS2_THK150                                                                                      , Floor: SL110-철근콘크리트구조 바닥_PRS2_THK150                                                                                      , Floor: SL110-철근콘크리트구조 바닥_PRS2_THK150
IfcIfcWall                , Walls                 , Basic Wall                                  , E24         , AMB111                                                           , Basic Wall: WA310-화강석 벽                                                                                                         , Basic Wall: WA310-화강석 벽                                                                                                         , Basic Wall: WA310-화강석 벽
IfcIfcWall                , 벽                    , 기본 벽                                     , E275        , AD                                                               , 기본 벽                                                                                                                             , WA111-철근콘크리트구조 벽 400mm_BW3                                                                                                 , 7628609
IfcIfcBeam                , Structural Framing    , BM110-철근콘크리트구조 보                   , E23         , AD                                                               , BM110-철근콘크리트구조 보: BM110-철근 콘크리트구조 보_RG9_500 x 500                                                                 , BM110-철근콘크리트구조 보: BM110-철근 콘크리트구조 보_RG9_500 x 500                                                                 , BM110-철근콘크리트구조 보: BM110-철근 콘크리트구조 보_RG9_500 x 500
IfcIfcFurnishingElement   , 가구                  , PF582-소변기 칸막이                         , E714        , AOC771                                                           , PF582-소변기 칸막이                                                                                                                 , PF582-소변기 칸막이                                                                                                                 , 6404124
IfcIfcFurnishingElement   , 가구                  , FN113-소파(4인용)                           , E81         , APA                                                              , FN113-소파(4인용)                                                                                                                   , FN113-소파(4인용) 2900x950                                                                                                          , 7033174
IfcIfcSlab                , Floors                , Floor                                       , E251        , AD                                                               , Floor: SL110-철근콘크리트구조 바닥_B2-1S2_THK150                                                                                    , Floor: SL110-철근콘크리트구조 바닥_B2-1S2_THK150                                                                                    , Floor: SL110-철근콘크리트구조 바닥_B2-1S2_THK150
IfcIfcBeam                , Structural Framing    , BM110-철근콘크리트구조 보                   , E23         , AD                                                               , BM110-철근콘크리트구조 보: BM110-철근 콘크리트구조 보_B1-1G2_400 x 850                                                              , BM110-철근콘크리트구조 보: BM110-철근 콘크리트구조 보_B1-1G2_400 x 850                                                              , BM110-철근콘크리트구조 보: BM110-철근 콘크리트구조 보_B1-1G2_400 x 850
IfcIfcBeam                , 구조 프레임           , BM111-철근콘크리트구조 보                   , E23         , AD                                                               , BM111-철근콘크리트구조 보                                                                                                           , BM110-철근 콘크리트구조 보_400 x 500_RG2                                                                                            , 7669453
IfcIfcWallStandardCase    , Walls                 , Basic Wall                                  , E24         , AD                                                               , Basic Wall: WA110-철근콘크리트구조 벽_CW1_T200                                                                                      , Basic Wall: WA110-철근콘크리트구조 벽_CW1_T200                                                                                      , Basic Wall: WA110-철근콘크리트구조 벽_CW1_T200
IfcIfcBuildingElementProxy, 바닥                  , 바닥                                        , E25         , AD                                                               , 바닥                                                                                                                                , 차량 진입구                                                                                                                         , 8014164
IfcIfcBuildingElementProxy, 일반 모델             , LA241-자전거 보관대                         , E94390      , CDK76310N006                                                     , LA241-자전거 보관대                                                                                                                 , LA241-자전거 보관대 10대                                                                                                            , 8093404
IfcIfcBeam                , Structural Framing    , BM110-철근콘크리트구조 보                   , E23         , AD                                                               , BM110-철근콘크리트구조 보: BM110-철근 콘크리트구조 보_B1-1G1_400 x 850                                                              , BM110-철근콘크리트구조 보: BM110-철근 콘크리트구조 보_B1-1G1_400 x 850                                                              , BM110-철근콘크리트구조 보: BM110-철근 콘크리트구조 보_B1-1G1_400 x 850
IfcIfcBeam                , Structural Framing    , BM110-철근콘크리트구조 보                   , E23         , AD                                                               , BM110-철근콘크리트구조 보: BM110-철근 콘크리트구조 보_RAWG1_600 x 600                                                               , BM110-철근콘크리트구조 보: BM110-철근 콘크리트구조 보_RAWG1_600 x 600                                                               , BM110-철근콘크리트구조 보: BM110-철근 콘크리트구조 보_RAWG1_600 x 600
IfcIfcWallStandardCase    , 벽                    , 기본 벽                                     , E275        , AD                                                               , 기본 벽                                                                                                                             , WA111-철근콘크리트구조 벽 400mm_BW3                                                                                                 , 7628609
IfcIfcSlab                , 바닥                  , 바닥                                        , E251        , AD                                                               , 바닥                                                                                                                                , SL111-철근콘크리트구조 바닥 200mm_S13                                                                                               , 7623064
IfcIfcBeam                , 구조 프레임           , BM111-철근콘크리트구조 보                   , E23         , AD                                                               , BM111-철근콘크리트구조 보                                                                                                           , BM110-철근 콘크리트구조 보_400 x 500_RB4                                                                                            , 7669455
IfcIfcFurnishingElement   , 가구                  , FN114-소파테이블(각형)                      , E81         , APA                                                              , FN114-소파테이블(각형)                                                                                                              , FN114-소파테이블(각형) 1200x600                                                                                                     , 6069056
IfcIfcBeam                , Structural Framing    , BM110-철근콘크리트구조 보                   , E23         , AD                                                               , BM110-철근콘크리트구조 보: BM110-철근 콘크리트구조 보_2-10B3_400 x 400                                                              , BM110-철근콘크리트구조 보: BM110-철근 콘크리트구조 보_2-10B3_400 x 400                                                              , BM110-철근콘크리트구조 보: BM110-철근 콘크리트구조 보_2-10B3_400 x 400
IfcIfcFurnishingElement   , Furniture             , PF581-대변기 칸막이                         , E714        , AOC771                                                           , PF581-대변기 칸막이: PF581-대변기 칸막이(출입면) 1300*900*2400                                                                      , PF581-대변기 칸막이: PF581-대변기 칸막이(출입면) 1300*900*2400                                                                      , PF581-대변기 칸막이: PF581-대변기 칸막이(출입면) 1300*900*2400
IfcIfcWallStandardCase    , 벽                    , 기본 벽                                     , E275        , AD                                                               , 기본 벽                                                                                                                             , WA111-철근콘크리트구조 벽 125mm_W3                                                                                                  , 7431068
IfcIfcBeam                , Structural Framing    , BM110-철근콘크리트구조 보                   , E23         , AD                                                               , BM110-철근콘크리트구조 보: BM110-철근 콘크리트구조 보_RG1_400 x 500                                                                 , BM110-철근콘크리트구조 보: BM110-철근 콘크리트구조 보_RG1_400 x 500                                                                 , BM110-철근콘크리트구조 보: BM110-철근 콘크리트구조 보_RG1_400 x 500
IfcIfcSlab                , Floors                , Floor                                       , E251        , AD                                                               , Floor: SL110-철근콘크리트구조 바닥_B2-1S3_THK150                                                                                    , Floor: SL110-철근콘크리트구조 바닥_B2-1S3_THK150                                                                                    , Floor: SL110-철근콘크리트구조 바닥_B2-1S3_THK150
IfcIfcWallStandardCase    , 벽                    , 기본 벽                                     , E24         , ANC132110000+AGA114600000+AHG3+AGA441100000                      , 기본 벽                                                                                                                             , "A1-32-07A-콘크리트면정리, 바닥방수연장, 시멘트모르타르(미장용), 수성페인트(내부) (24mm)"                                           , 6825625
IfcIfcDoor                , 문                    , "DR111-외여닫이문(철재, 일반, 양개)"        , E333        , ALA110100000                                                     , "DR111-외여닫이문(철재, 일반, 양개)"                                                                                                , "DR111-외여닫이문(유리, 일반, 양개) 950x2100mm"                                                                                     , 7685797
IfcIfcBeam                , Structural Framing    , BM110-철근콘크리트구조 보                   , E23         , AD                                                               , BM110-철근콘크리트구조 보: BM110-철근 콘크리트구조 보_RB4_400 x 500                                                                 , BM110-철근콘크리트구조 보: BM110-철근 콘크리트구조 보_RB4_400 x 500                                                                 , BM110-철근콘크리트구조 보: BM110-철근 콘크리트구조 보_RB4_400 x 500
IfcIfcBeam                , Structural Framing    , BM110-철근콘크리트구조 보                   , E23         , AD                                                               , BM110-철근콘크리트구조 보: BM110-철근 콘크리트구조 보_2-10G8_400 x 400                                                              , BM110-철근콘크리트구조 보: BM110-철근 콘크리트구조 보_2-10G8_400 x 400                                                              , BM110-철근콘크리트구조 보: BM110-철근 콘크리트구조 보_2-10G8_400 x 400
IfcIfcBeam                , Structural Framing    , BM110-철근콘크리트구조 보                   , E23         , AD                                                               , BM110-철근콘크리트구조 보: BM110-철근 콘크리트구조 보_1B4(역보)_300 x 1500                                                          , BM110-철근콘크리트구조 보: BM110-철근 콘크리트구조 보_1B4(역보)_300 x 1500                                                          , BM110-철근콘크리트구조 보: BM110-철근 콘크리트구조 보_1B4(역보)_300 x 1500
IfcIfcWall                , 벽                    , 기본 벽                                     , E24         , AFC100+AJM+AOD112322000                                          , 기본 벽                                                                                                                             , "A2-22-02A-압출스티로폼, BRACKET(STEEL), ALC블록 (150mm)"                                                                           , 6831947
IfcIfcSlab                , 바닥                  , 바닥                                        , E25         , AMB3032E                                                         , 바닥                                                                                                                                , A1-14-06B-테라조타일 (80mm)                                                                                                         , 6843713
IfcIfcWallStandardCase    , Walls                 , Basic Wall                                  , E24         , AD                                                               , Basic Wall: WA110-철근콘크리트구조 벽_BW4_T400                                                                                      , Basic Wall: WA110-철근콘크리트구조 벽_BW4_T400                                                                                      , Basic Wall: WA110-철근콘크리트구조 벽_BW4_T400
IfcIfcSlab                , 바닥                  , 바닥                                        , E251        , AD+AMA31+AHJ112400000+AHC10091A+AGA133600000                     , 바닥                                                                                                                                , (복합)SL111(150_S4)+A1-14-03A_철콘+도막방수                                                                                         , 7726383
IfcIfcWall                , 벽                    , 기본 벽                                     , E275        , AD+AFC100+AJM+AOD112322000+ANC132110000+AGA113100000+AGA441100000, 기본 벽                                                                                                                             , (복합)A2-22-02A+WA111(200_W1)+A1-32-06A_압출+철콘+수성 2                                                                            , 7718583
IfcIfcBuildingElementProxy, 바닥                  , 바닥                                        , E93200      , AD                                                               , 바닥                                                                                                                                , 보행로(일반)                                                                                                                        , 8014144
IfcIfcBeam                , 구조 프레임           , BM111-철근콘크리트구조 보                   , E23         , AD                                                               , BM111-철근콘크리트구조 보                                                                                                           , BM110-철근 콘크리트구조 보_400 x 850_B1-1G1                                                                                         , 7667209
IfcIfcBeam                , 구조 프레임           , BM111-철근콘크리트구조 보                   , E23         , AD                                                               , BM111-철근콘크리트구조 보                                                                                                           , BM110-철근 콘크리트구조 보_400 x 400_2-10WG2                                                                                        , 7669412
IfcIfcWall                , Walls                 , Basic Wall                                  , E24         , AD                                                               , Basic Wall: WA110-철근콘크리트구조 벽_CW1_T200                                                                                      , Basic Wall: WA110-철근콘크리트구조 벽_CW1_T200                                                                                      , Basic Wall: WA110-철근콘크리트구조 벽_CW1_T200
IfcIfcBuildingElementProxy, Generic Models        , SE251-기본주차                              , E77         , CLH2601                                                          , SE251-기본주차: SE251-기본주차 장애인전용                                                                                           , SE251-기본주차: SE251-기본주차 장애인전용                                                                                           , SE251-기본주차: SE251-기본주차 장애인전용
IfcIfcWallStandardCase    , 벽                    , 기본 벽                                     , E275        , AD                                                               , 기본 벽                                                                                                                             , WA111-철근콘크리트구조 벽 400mm_BW2                                                                                                 , 7628678
IfcIfcSlab                , 바닥                  , 바닥                                        , E25         , AND011+ANJ210503A+AHJ112400000+AHK110C                           , 바닥                                                                                                                                , "A1-12-06A-알칼리방지용방수, 시멘트모르타르(보호용), 자동수평 모르타르, 우레탄페인트 (40mm)"                                        , 6843289
IfcIfcColumn              , 구조 기둥             , CL111-철근콘크리트구조 기둥 (각형)1         , E22         , AD                                                               , CL111-철근콘크리트구조 기둥 (각형)1                                                                                                 , CL111-철근콘크리트구조 기둥 (각형)_700x700_5-6C1                                                                                    , 7669433
IfcIfcColumn              , Structural Columns    , CL111-철근콘크리트구조 기둥 (각형)          , E22         , AD                                                               , CL111-철근콘크리트구조 기둥 (각형): CL111-철근콘크리트구조 기둥 (각형)_B2-B1C13_1020x400                                            , CL111-철근콘크리트구조 기둥 (각형): CL111-철근콘크리트구조 기둥 (각형)_B2-B1C13_1020x400                                            , CL111-철근콘크리트구조 기둥 (각형): CL111-철근콘크리트구조 기둥 (각형)_B2-B1C13_1020x400
IfcIfcWall                , 벽                    , 파라펫2                                     , E24         , AJC103100000                                                     , 파라펫2                                                                                                                             , 파라펫                                                                                                                              , 2999809
IfcIfcWallStandardCase    , 벽                    , 기본 벽                                     , E24         , AFC100+AJM+AOD112322000                                          , 기본 벽                                                                                                                             , "A2-22-02A-압출스티로폼, BRACKET(STEEL), ALC블록 (150mm)"                                                                           , 6831947
IfcIfcColumn              , Structural Columns    , CL111-철근콘크리트구조 기둥 (각형)          , E22         , AD                                                               , CL111-철근콘크리트구조 기둥 (각형): CL111-철근콘크리트구조 기둥 (각형)_8-10C2_700x700                                               , CL111-철근콘크리트구조 기둥 (각형): CL111-철근콘크리트구조 기둥 (각형)_8-10C2_700x700                                               , CL111-철근콘크리트구조 기둥 (각형): CL111-철근콘크리트구조 기둥 (각형)_8-10C2_700x700
IfcIfcFurnishingElement   , Furniture             , FN113-소파(4인용)                           , E81         , APA                                                              , FN113-소파(4인용): FN113-소파(4인용) 2900x950                                                                                       , FN113-소파(4인용): FN113-소파(4인용) 2900x950                                                                                       , FN113-소파(4인용): FN113-소파(4인용) 2900x950
IfcIfcSlab                , 바닥                  , 바닥                                        , E251        , AD                                                               , 바닥                                                                                                                                , SL111-철근콘크리트구조 바닥 150mm_S2                                                                                                , 7622617
IfcIfcRamp                , 바닥                  , 바닥                                        , E275        , AD                                                               , 바닥                                                                                                                                , RP111-철근콘크리트구조 램프 (돌음형) 300mm                                                                                          , 7468756
IfcIfcWall                , 벽                    , 기본 벽                                     , E275        , AD                                                               , 기본 벽                                                                                                                             , WA111-철근콘크리트구조 벽 200mm_CW1                                                                                                 , 7430341
IfcIfcBeam                , 구조 프레임           , BM111-철근콘크리트구조 보                   , E23         , AD                                                               , BM111-철근콘크리트구조 보                                                                                                           , BM110-철근 콘크리트구조 보_400 x 500_RWG1                                                                                           , 7669415
IfcIfcFurnishingElement   , 가구                  , FN111-로비의자 원형                         , E81         , APA                                                              , FN111-로비의자 원형                                                                                                                 , FN111-로비의자 원형 테블릿 4인용 2300x500x610                                                                                       , 6063136
IfcIfcWall                , 벽                    , 기본 벽                                     , E24         , ANC132110000+AGA114600000+AHG3+AGA441100000                      , 기본 벽                                                                                                                             , "A1-32-07A-콘크리트면정리, 바닥방수연장, 시멘트모르타르(미장용), 수성페인트(내부) (24mm)"                                           , 6825625
IfcIfcWallStandardCase    , 벽                    , 기본 벽                                     , E24         , AJN+AJM4+AOD112322000                                            , 기본 벽                                                                                                                             , "A2-26-01A-압출스티로폼, 금속 긴결철물, 금속외장패널 (150mm)"                                                                       , 6832219
IfcIfcBeam                , Structural Framing    , BM110-철근콘크리트구조 보                   , E23         , AD                                                               , BM110-철근콘크리트구조 보: BM110-철근 콘크리트구조 보_2-10G9_500 x 400                                                              , BM110-철근콘크리트구조 보: BM110-철근 콘크리트구조 보_2-10G9_500 x 400                                                              , BM110-철근콘크리트구조 보: BM110-철근 콘크리트구조 보_2-10G9_500 x 400
IfcIfcBeam                , Structural Framing    , BM110-철근콘크리트구조 보                   , E23         , AD                                                               , BM110-철근콘크리트구조 보: BM110-철근 콘크리트구조 보_2-10G12_600 x 400                                                             , BM110-철근콘크리트구조 보: BM110-철근 콘크리트구조 보_2-10G12_600 x 400                                                             , BM110-철근콘크리트구조 보: BM110-철근 콘크리트구조 보_2-10G12_600 x 400
IfcIfcDoor                , 문                    , "DR121-쌍여닫이문(철재, 일반, 양개)"        , E333        , ALA110300000                                                     , "DR121-쌍여닫이문(철재, 일반, 양개)"                                                                                                , "DR121-쌍여닫이문(유리, 일반, 양개) 1450x2100mm 2"                                                                                  , 7696360
IfcIfcBeam                , Structural Framing    , BM110-철근콘크리트구조 보                   , E23         , AD                                                               , BM110-철근콘크리트구조 보: BM110-철근 콘크리트구조 보_B1-1WG1_400 x 850                                                             , BM110-철근콘크리트구조 보: BM110-철근 콘크리트구조 보_B1-1WG1_400 x 850                                                             , BM110-철근콘크리트구조 보: BM110-철근 콘크리트구조 보_B1-1WG1_400 x 850
IfcIfcColumn              , 구조 기둥             , CL111-철근콘크리트구조 기둥 (각형)1         , E22         , AD                                                               , CL111-철근콘크리트구조 기둥 (각형)1                                                                                                 , CL111-철근콘크리트구조 기둥 (각형)_1020x400_B2-B1C13                                                                                , 7669436
IfcIfcWallStandardCase    , Walls                 , Basic Wall                                  , E24         , AD                                                               , Basic Wall: WA110-철근콘크리트구조 벽_RaW1_T300                                                                                     , Basic Wall: WA110-철근콘크리트구조 벽_RaW1_T300                                                                                     , Basic Wall: WA110-철근콘크리트구조 벽_RaW1_T300
IfcIfcBuildingElementProxy, Generic Models        , SE251-장애인 표시                           , E77         , CLH2603                                                          , SE251-장애인 표시: SE251-장애인 표시                                                                                                , SE251-장애인 표시: SE251-장애인 표시                                                                                                , SE251-장애인 표시: SE251-장애인 표시
IfcIfcBeam                , 구조 프레임           , BM111-철근콘크리트구조 보                   , E23         , AD                                                               , BM111-철근콘크리트구조 보                                                                                                           , BM110-철근 콘크리트구조 보_400 x 850_B1-1B1                                                                                         , 7667210
IfcIfcRamp                , 바닥                  , 바닥                                        , E25         , AMB3211B                                                         , 바닥                                                                                                                                , A1-15-01B-화강석(물갈기) (80mm)                                                                                                     , 6843992
IfcIfcFlowTerminal        , Plumbing Fixtures     , PF411-평면붙임형 세면기                     , E71225      , MHA4                                                             , PF411-평면붙임형 세면기: PF411-평면붙임형 세면기                                                                                    , PF411-평면붙임형 세면기: PF411-평면붙임형 세면기                                                                                    , PF411-평면붙임형 세면기: PF411-평면붙임형 세면기
IfcIfcWall                , 벽                    , 기본 벽                                     , E24         , AMB161A+AD+AMB161A                                               , 기본 벽                                                                                                                             , (복합)WA313+WA111(200_CW1)+A1-33-01B_화강석잔다듬+철콘+화장실                                                                       , 7720306
IfcIfcWall                , 벽                    , 기본 벽                                     , E275        , AD                                                               , 기본 벽                                                                                                                             , WA111-철근콘크리트구조 벽 200mm_CW3                                                                                                 , 7626044
IfcIfcBeam                , 구조 프레임           , BM111-철근콘크리트구조 보                   , E23         , AD                                                               , BM111-철근콘크리트구조 보                                                                                                           , BM110-철근 콘크리트구조 보_400 x 850_1WG2                                                                                           , 7667208
IfcIfcSlab                , Floors                , Floor                                       , E251        , AD                                                               , Floor: SL110-철근콘크리트구조 바닥_RS4_THK150                                                                                       , Floor: SL110-철근콘크리트구조 바닥_RS4_THK150                                                                                       , Floor: SL110-철근콘크리트구조 바닥_RS4_THK150
IfcIfcDoor                , 문                    , CW520-Double Door_rev1                      , E336        , ALC1                                                             , CW520-Double Door_rev1                                                                                                              , CW520-Double Door_rev1                                                                                                              , 7672727
IfcIfcBeam                , 구조 프레임           , BM111-철근콘크리트구조 보                   , E23         , AD                                                               , BM111-철근콘크리트구조 보                                                                                                           , BM110-철근 콘크리트구조 보_400 x 400_2-10G4                                                                                         , 7669409
IfcIfcPlate               , 커튼월 패널           , CW300-THK24.Low-e coating glass             , E336        , ALC1                                                             , CW300-THK24.Low-e coating glass                                                                                                     , CW300-THK24.Low-e coating glass                                                                                                     , 6832454
IfcIfcFlowTerminal        , Plumbing Fixtures     , PF231-장애인용 소변기                       , E71215      , MHA32110120S                                                     , PF231-장애인용 소변기: PF231-장애인용 소변기                                                                                        , PF231-장애인용 소변기: PF231-장애인용 소변기                                                                                        , PF231-장애인용 소변기: PF231-장애인용 소변기
IfcIfcSlab                , 바닥                  , 바닥                                        , E25         , AD                                                               , 바닥                                                                                                                                , 보도 녹지대                                                                                                                         , 8014148
IfcIfcBeam                , 구조 프레임           , BM111-철근콘크리트구조 보                   , E23         , AD                                                               , BM111-철근콘크리트구조 보                                                                                                           , BM110-철근 콘크리트구조 보_500 x 400_2-10G11                                                                                        , 7669426
IfcIfcSlab                , 바닥                  , 바닥                                        , E251        , AD                                                               , 바닥                                                                                                                                , SL111-철근콘크리트구조 바닥 150mm_S5                                                                                                , 7625545
IfcIfcCovering            , Ceilings              , Compound Ceiling                            , E36         , AOC12A+AJI100100000                                              , Compound Ceiling: A1-44-11A-경량철골천장틀+무기질천장재-11                                                                          , Compound Ceiling: A1-44-11A-경량철골천장틀+무기질천장재-11                                                                          , Compound Ceiling: A1-44-11A-경량철골천장틀+무기질천장재-11
IfcIfcBeam                , 구조 프레임           , BM111-철근콘크리트구조 보                   , E23         , AD                                                               , BM111-철근콘크리트구조 보                                                                                                           , BM110-철근 콘크리트구조 보_600 x 400_2-10G12                                                                                        , 7669411
IfcIfcSlab                , Floors                , Floor                                       , E25         , AND011+ANJ210503A+AHJ112400000+AHK110C                           , "Floor: A1-12-06A-알칼리방지용방수, 시멘트모르타르(보호용), 자동수평 모르타르, 우레탄페인트 (40mm)"                                 , "Floor: A1-12-06A-알칼리방지용방수, 시멘트모르타르(보호용), 자동수평 모르타르, 우레탄페인트 (40mm)"                                 , "Floor: A1-12-06A-알칼리방지용방수, 시멘트모르타르(보호용), 자동수평 모르타르, 우레탄페인트 (40mm)"
IfcIfcFurnishingElement   , 가구                  , FN122-업무용 책상(L형)                      , E81         , APA                                                              , FN122-업무용 책상(L형)                                                                                                              , FN122-업무용 책상(L형) 1400x1200 좌형                                                                                               , 6092853
IfcIfcFurnishingElement   , Furniture             , PF581-대변기 칸막이                         , E714        , AOC771                                                           , PF581-대변기 칸막이: PF581-대변기 칸막이(왼쪽) 970*1430*1900                                                                        , PF581-대변기 칸막이: PF581-대변기 칸막이(왼쪽) 970*1430*1900                                                                        , PF581-대변기 칸막이: PF581-대변기 칸막이(왼쪽) 970*1430*1900
IfcIfcWallStandardCase    , Walls                 , Basic Wall                                  , E24         , AD                                                               , Basic Wall: WA110-철근콘크리트구조 벽_BT1_T200                                                                                      , Basic Wall: WA110-철근콘크리트구조 벽_BT1_T200                                                                                      , Basic Wall: WA110-철근콘크리트구조 벽_BT1_T200
IfcIfcBeam                , Structural Framing    , BM110-철근콘크리트구조 보                   , E23         , AD                                                               , BM110-철근콘크리트구조 보: BM110-철근 콘크리트구조 보_1B6_300 x 800                                                                 , BM110-철근콘크리트구조 보: BM110-철근 콘크리트구조 보_1B6_300 x 800                                                                 , BM110-철근콘크리트구조 보: BM110-철근 콘크리트구조 보_1B6_300 x 800
IfcIfcWall                , 벽                    , 기본 벽                                     , E275        , AD                                                               , 기본 벽                                                                                                                             , WA111-철근콘크리트구조 벽 500mm_BW3                                                                                                 , 7626733
IfcIfcFurnishingElement   , Furniture             , PF581-대변기 칸막이                         , E714        , AOC771                                                           , PF581-대변기 칸막이: PF581-대변기 칸막이(오른쪽) 1300*900*2400                                                                      , PF581-대변기 칸막이: PF581-대변기 칸막이(오른쪽) 1300*900*2400                                                                      , PF581-대변기 칸막이: PF581-대변기 칸막이(오른쪽) 1300*900*2400
IfcIfcFurnishingElement   , 가구                  , FN122-업무용 책상(L형)                      , E81         , APA                                                              , FN122-업무용 책상(L형)                                                                                                              , FN122-업무용 책상(L형) 1800x1200 우형                                                                                               , 6092847
IfcIfcDoor                , 문                    , "DR111-외여닫이문(철재,일반)_유리포함(원형)", E333        , ALA                                                              , "DR111-외여닫이문(철재,일반)_유리포함(원형)"                                                                                        , "DR111-외여닫이문(철재, 일반)_유리포함 (원형)_2100x1000"                                                                            , 7452354
IfcIfcFurnishingElement   , 가구                  , PF581-대변기 칸막이                         , E714        , AOC771                                                           , PF581-대변기 칸막이                                                                                                                 , PF581-대변기 칸막이(오른쪽) 1300x950x2400                                                                                           , 6868567
IfcIfcBuildingElementProxy, 전기 시설물           , SE112-가로등 양팔형                         , E76         , CAB450030000                                                     , SE112-가로등 양팔형                                                                                                                 , SE112-가로등 양팔형                                                                                                                 , 8212708
IfcIfcWallStandardCase    , 벽                    , 기본 벽                                     , E275        , ADANC132110000+AGA113100000+AGA441100000+AMA112C+AGA114400000    , 기본 벽                                                                                                                             , (복합)A1-32-06A+WA111+A1-33-01B_수성+철콘+화장실                                                                                    , 7717586
IfcIfcBeam                , Structural Framing    , BM110-철근콘크리트구조 보                   , E23         , AD                                                               , BM110-철근콘크리트구조 보: BM110-철근 콘크리트구조 보_2-10B1_400 x 400                                                              , BM110-철근콘크리트구조 보: BM110-철근 콘크리트구조 보_2-10B1_400 x 400                                                              , BM110-철근콘크리트구조 보: BM110-철근 콘크리트구조 보_2-10B1_400 x 400
IfcIfcBeam                , Structural Framing    , BM110-철근콘크리트구조 보                   , E23         , AD                                                               , BM110-철근콘크리트구조 보: BM110-철근 콘크리트구조 보_2-10G5_500 x 400                                                              , BM110-철근콘크리트구조 보: BM110-철근 콘크리트구조 보_2-10G5_500 x 400                                                              , BM110-철근콘크리트구조 보: BM110-철근 콘크리트구조 보_2-10G5_500 x 400
IfcIfcCovering            , Ceilings              , Compound Ceiling                            , E36         , AOM201012000+ADR130400000                                        , "Compound Ceiling: A1-46-01B-콘크리트면정리, 유리면 흡음판(그라스크로스) (50mm)"                                                    , "Compound Ceiling: A1-46-01B-콘크리트면정리, 유리면 흡음판(그라스크로스) (50mm)"                                                    , "Compound Ceiling: A1-46-01B-콘크리트면정리, 유리면 흡음판(그라스크로스) (50mm)"
IfcIfcWall                , Walls                 , Basic Wall                                  , E24         , AD                                                               , Basic Wall: WA110-철근콘크리트구조 벽_RaW1_T300                                                                                     , Basic Wall: WA110-철근콘크리트구조 벽_RaW1_T300                                                                                     , Basic Wall: WA110-철근콘크리트구조 벽_RaW1_T300
IfcIfcWallStandardCase    , 벽                    , 기본 벽                                     , E275        , AD                                                               , 기본 벽                                                                                                                             , WA111-철근콘크리트구조 벽 200mm_CW3                                                                                                 , 7626044
IfcIfcWall                , 벽                    , 기본 벽                                     , E275        , AD                                                               , 기본 벽                                                                                                                             , WA111-철근콘크리트구조 벽 500mm_BW1                                                                                                 , 7626851
IfcIfcSlab                , Floors                , Floor                                       , E251        , AD                                                               , Floor: SL110-철근콘크리트구조 바닥_RS2_THK150                                                                                       , Floor: SL110-철근콘크리트구조 바닥_RS2_THK150                                                                                       , Floor: SL110-철근콘크리트구조 바닥_RS2_THK150
IfcIfcBeam                , Structural Framing    , BM114-꺾임 보                               , E23         , AD                                                               , BM114-꺾임 보: BM114-꺾임 보_1WG2_400x600                                                                                           , BM114-꺾임 보: BM114-꺾임 보_1WG2_400x600                                                                                           , BM114-꺾임 보: BM114-꺾임 보_1WG2_400x600
IfcIfcFurnishingElement   , 가구                  , FN113-소파(3인용)                           , E81         , APA                                                              , FN113-소파(3인용)                                                                                                                   , FN113-소파(3인용) 2100x950                                                                                                          , 7032233
IfcIfcFurnishingElement   , Furniture             , FN114-소파테이블(각형)                      , E81         , APA                                                              , FN114-소파테이블(각형): FN114-소파테이블(각형) 800x800                                                                              , FN114-소파테이블(각형): FN114-소파테이블(각형) 800x800                                                                              , FN114-소파테이블(각형): FN114-소파테이블(각형) 800x800
IfcIfcColumn              , 구조 기둥             , CL111-철근콘크리트구조 기둥 (각형)1         , E22         , AD                                                               , CL111-철근콘크리트구조 기둥 (각형)1                                                                                                 , CL111-철근콘크리트구조 기둥 (각형)_800x900_B2-1C2                                                                                   , 7669457
IfcIfcWallStandardCase    , 벽                    , 기본 벽                                     , E275        , AD                                                               , 기본 벽                                                                                                                             , WA111-철근콘크리트구조 벽 500mm_BW1                                                                                                 , 7626851
IfcIfcWall                , Walls                 , Basic Wall                                  , E24         , AD                                                               , Basic Wall: WA110-철근콘크리트구조 벽_W2_T200                                                                                       , Basic Wall: WA110-철근콘크리트구조 벽_W2_T200                                                                                       , Basic Wall: WA110-철근콘크리트구조 벽_W2_T200
IfcIfcWallStandardCase    , Walls                 , Basic Wall                                  , E24         , AFA11                                                            , Basic Wall: WA211-시멘트벽돌(일반) 벽 (0.5B) 90mm                                                                                   , Basic Wall: WA211-시멘트벽돌(일반) 벽 (0.5B) 90mm                                                                                   , Basic Wall: WA211-시멘트벽돌(일반) 벽 (0.5B) 90mm
IfcIfcDoor                , Doors                 , DR872-샤프트 점검구(스테인리스 스틸)        , E331        , AJG3                                                             , DR872-샤프트 점검구(스테인리스 스틸): DR872-샤프트 점검구(스테인리스 스틸)_SD4_650*600                                              , DR872-샤프트 점검구(스테인리스 스틸): DR872-샤프트 점검구(스테인리스 스틸)_SD4_650*600                                              , DR872-샤프트 점검구(스테인리스 스틸): DR872-샤프트 점검구(스테인리스 스틸)_SD4_650*600
IfcIfcFurnishingElement   , 가구                  , PF591-대변기용 장애인 손잡이(T자 고정식)    , E713        , APA18                                                            , PF591-대변기용 장애인 손잡이(T자 고정식)                                                                                            , PF591-대변기용 장애인 손잡이(T자 고정식)                                                                                            , 6419429
IfcIfcBeam                , Structural Framing    , BM110-철근콘크리트구조 보                   , E23         , AD                                                               , BM110-철근콘크리트구조 보: BM110-철근 콘크리트구조 보_2-10G3_400 x 400                                                              , BM110-철근콘크리트구조 보: BM110-철근 콘크리트구조 보_2-10G3_400 x 400                                                              , BM110-철근콘크리트구조 보: BM110-철근 콘크리트구조 보_2-10G3_400 x 400
IfcIfcFurnishingElement   , Furniture             , PF581-대변기 칸막이                         , E714        , AOC771                                                           , PF581-대변기 칸막이: PF581-대변기 칸막이(출입면) 1300*900*1900                                                                      , PF581-대변기 칸막이: PF581-대변기 칸막이(출입면) 1300*900*1900                                                                      , PF581-대변기 칸막이: PF581-대변기 칸막이(출입면) 1300*900*1900
IfcIfcDoor                , 문                    , "DR111-외여닫이문(철재, 일반)"              , E333        , ALA110100000                                                     , "DR111-외여닫이문(철재, 일반)"                                                                                                      , "DR111-외여닫이문(철재, 일반) 900x2100mm"                                                                                           , 7447208
IfcIfcWallStandardCase    , Walls                 , Basic Wall                                  , E24         , AD                                                               , Basic Wall: WA110-철근콘크리트구조 벽_CW2_T200                                                                                      , Basic Wall: WA110-철근콘크리트구조 벽_CW2_T200                                                                                      , Basic Wall: WA110-철근콘크리트구조 벽_CW2_T200
IfcIfcStair               , 계단                  , 현장타설 계단                               , E270        , AD                                                               , 현장타설 계단                                                                                                                       , ST111-철근콘크리트구조 계단 (U형)                                                                                                   , 3060157
IfcIfcSlab                , 바닥                  , 바닥                                        , E251        , AD                                                               , 바닥                                                                                                                                , SL111-철근콘크리트구조 바닥 200mm_S6                                                                                                , 7625577
IfcIfcFurnishingElement   , Furniture             , PF581-대변기 칸막이                         , E714        , AOC771                                                           , PF581-대변기 칸막이: PF581-대변기 칸막이(오른쪽) 1300*900*1900                                                                      , PF581-대변기 칸막이: PF581-대변기 칸막이(오른쪽) 1300*900*1900                                                                      , PF581-대변기 칸막이: PF581-대변기 칸막이(오른쪽) 1300*900*1900
IfcIfcFurnishingElement   , Furniture             , PF591-대변기용 장애인 손잡이(상하가동식)    , E713        , APA18                                                            , PF591-대변기용 장애인 손잡이(상하가동식): PF591-대변기용 장애인 손잡이(상하가동식)                                                  , PF591-대변기용 장애인 손잡이(상하가동식): PF591-대변기용 장애인 손잡이(상하가동식)                                                  , PF591-대변기용 장애인 손잡이(상하가동식): PF591-대변기용 장애인 손잡이(상하가동식)
IfcIfcWallStandardCase    , Walls                 , Basic Wall                                  , E24         , AFC100+AJM+WA821                                                 , "Basic Wall: A2-22-02A-압출스치로품, BRACKET(STEEL), ALC블록 (150mm)"                                                               , "Basic Wall: A2-22-02A-압출스치로품, BRACKET(STEEL), ALC블록 (150mm)"                                                               , "Basic Wall: A2-22-02A-압출스치로품, BRACKET(STEEL), ALC블록 (150mm)"
IfcIfcFlowTerminal        , 위생기구              , PF213-스톨형 소변기                         , E71215E71215, MHA32110010S                                                     , PF213-스톨형 소변기                                                                                                                 , PF213-스톨형 소변기                                                                                                                 , 6429598
IfcIfcBeam                , Structural Framing    , BM110-철근콘크리트구조 보                   , E23         , AD                                                               , BM110-철근콘크리트구조 보: BM110-철근 콘크리트구조 보_2-10G1_400 x 400                                                              , BM110-철근콘크리트구조 보: BM110-철근 콘크리트구조 보_2-10G1_400 x 400                                                              , BM110-철근콘크리트구조 보: BM110-철근 콘크리트구조 보_2-10G1_400 x 400
IfcIfcBuildingElementProxy, Generic Models        , SE251-기본주차                              , E77         , CLH2601                                                          , SE251-기본주차: SE251-기본주차 여성전용일반형                                                                                       , SE251-기본주차: SE251-기본주차 여성전용일반형                                                                                       , SE251-기본주차: SE251-기본주차 여성전용일반형
IfcIfcSlab                , 바닥                  , 바닥                                        , E251        , AD                                                               , 바닥                                                                                                                                , SL111-철근콘크리트구조 바닥 200mm_S12                                                                                               , 7623032
IfcIfcBeam                , 구조 프레임           , BM114-꺾임 보                               , E23         , AD                                                               , BM114-꺾임 보                                                                                                                       , BM114-꺾임 보_400x600_1WG2                                                                                                          , 7647207
IfcIfcColumn              , Structural Columns    , CL111-철근콘크리트구조 기둥 (각형)          , E22         , AD                                                               , CL111-철근콘크리트구조 기둥 (각형): CL111-철근콘크리트구조 기둥 (각형)_B2-7C3_800x800                                               , CL111-철근콘크리트구조 기둥 (각형): CL111-철근콘크리트구조 기둥 (각형)_B2-7C3_800x800                                               , CL111-철근콘크리트구조 기둥 (각형): CL111-철근콘크리트구조 기둥 (각형)_B2-7C3_800x800
IfcIfcBeam                , Structural Framing    , BM110-철근콘크리트구조 보                   , E23         , AD                                                               , BM110-철근콘크리트구조 보: BM110-철근 콘크리트구조 보_1B7_800 x 800                                                                 , BM110-철근콘크리트구조 보: BM110-철근 콘크리트구조 보_1B7_800 x 800                                                                 , BM110-철근콘크리트구조 보: BM110-철근 콘크리트구조 보_1B7_800 x 800
IfcIfcBeam                , 구조 프레임           , BM111-철근콘크리트구조 보                   , E23         , AD                                                               , BM111-철근콘크리트구조 보                                                                                                           , BM110-철근 콘크리트구조 보_400 x 500_RB2                                                                                            , 7669445
IfcIfcFlowTerminal        , 위생기구              , PF127-서양식 탱크일체형                     , E71210      , MHA11110020S                                                     , PF127-서양식 탱크일체형                                                                                                             , PF127-서양식 탱크일체형                                                                                                             , 6449337
IfcIfcSlab                , Floors                , Floor                                       , E251        , AD                                                               , Floor: SL110-철근콘크리트구조 바닥_B1S6_THK200                                                                                      , Floor: SL110-철근콘크리트구조 바닥_B1S6_THK200                                                                                      , Floor: SL110-철근콘크리트구조 바닥_B1S6_THK200
IfcIfcBeam                , Structural Framing    , BM110-철근콘크리트구조 보                   , E23         , AD                                                               , BM110-철근콘크리트구조 보: BM110-철근 콘크리트구조 보_1B3_400 x 600                                                                 , BM110-철근콘크리트구조 보: BM110-철근 콘크리트구조 보_1B3_400 x 600                                                                 , BM110-철근콘크리트구조 보: BM110-철근 콘크리트구조 보_1B3_400 x 600
IfcIfcBeam                , 구조 프레임           , BM111-철근콘크리트구조 보                   , E23         , AD                                                               , BM111-철근콘크리트구조 보                                                                                                           , BM110-철근 콘크리트구조 보_400 x 500_RG1                                                                                            , 7669439
IfcIfcFurnishingElement   , 가구                  , FN114-소파테이블(각형)                      , E81         , APA                                                              , FN114-소파테이블(각형)                                                                                                              , FN114-소파테이블(각형) 800x800                                                                                                      , 6069058
IfcIfcBeam                , 구조 프레임           , BM111-철근콘크리트구조 보                   , E23         , AD                                                               , BM111-철근콘크리트구조 보                                                                                                           , BM110-철근 콘크리트구조 보_400 x 400_2-10B4                                                                                         , 7669413
IfcIfcSlab                , 바닥                  , 바닥                                        , E11280      , AD                                                               , 바닥                                                                                                                                , 보행로(구내)                                                                                                                        , 8014152
IfcIfcBeam                , 구조 프레임           , BM111-철근콘크리트구조 보                   , E23         , AD                                                               , BM111-철근콘크리트구조 보                                                                                                           , BM110-철근 콘크리트구조 보_400 x 400_2-10B3                                                                                         , 7669417
IfcIfcWallStandardCase    , 벽                    , 기본 벽                                     , E24         , AOA53                                                            , 기본 벽                                                                                                                             , "WA921-목재 걸레받이 (H45*24mm, 라왕, 바니쉬)"                                                                                      , 7364970
IfcIfcWallStandardCase    , 벽                    , 기본 벽                                     , E24         , AFA111010000+ANC132110000+AGA113100000+AGA441100000              , 기본 벽                                                                                                                             , (복합)WA211+A1-32-06A-시멘트벽돌(일반)+수성                                                                                         , 7725005
IfcIfcBeam                , Structural Framing    , BM110-철근콘크리트구조 보                   , E23         , AD                                                               , BM110-철근콘크리트구조 보: BM110-철근 콘크리트구조 보_2-10B2_400 x 400                                                              , BM110-철근콘크리트구조 보: BM110-철근 콘크리트구조 보_2-10B2_400 x 400                                                              , BM110-철근콘크리트구조 보: BM110-철근 콘크리트구조 보_2-10B2_400 x 400
IfcIfcColumn              , Structural Columns    , CL111-철근콘크리트구조 기둥 (각형)          , E22         , AD                                                               , CL111-철근콘크리트구조 기둥 (각형): CL111-철근콘크리트구조 기둥 (각형)_8-10C3_700x700                                               , CL111-철근콘크리트구조 기둥 (각형): CL111-철근콘크리트구조 기둥 (각형)_8-10C3_700x700                                               , CL111-철근콘크리트구조 기둥 (각형): CL111-철근콘크리트구조 기둥 (각형)_8-10C3_700x700
IfcIfcFurnishingElement   , 가구                  , SE251-장애인전용 표시                       , E77         , CLH2603                                                          , SE251-장애인전용 표시                                                                                                               , SE251-장애인전용 표시                                                                                                               , 3121236
IfcIfcSlab                , 바닥                  , 바닥                                        , E251        , AD                                                               , 바닥                                                                                                                                , SL111-철근콘크리트구조 바닥 200mm_S4                                                                                                , 7623096
IfcIfcBeam                , 구조 프레임           , BM111-철근콘크리트구조 보                   , E23         , AD                                                               , BM111-철근콘크리트구조 보                                                                                                           , BM110-철근 콘크리트구조 보_800 x 800_1B7                                                                                            , 7667215
IfcIfcSlab                , Floors                , Floor                                       , E251        , AD                                                               , Floor: SL110-철근콘크리트구조 바닥_RS3_THK150                                                                                       , Floor: SL110-철근콘크리트구조 바닥_RS3_THK150                                                                                       , Floor: SL110-철근콘크리트구조 바닥_RS3_THK150
IfcIfcWallStandardCase    , 벽                    , 기본 벽                                     , E275        , AD+AFC100+AJM+AOD112322000+ANC132110000+AGA113100000+AGA441100000, 기본 벽                                                                                                                             , (복합)A2-22-02A+WA111(200_CW1)+A1-32-06A_압출+철콘+수성                                                                             , 7720991
IfcIfcBeam                , Structural Framing    , BM110-철근콘크리트구조 보                   , E23         , AD                                                               , BM110-철근콘크리트구조 보: BM110-철근 콘크리트구조 보_B1-1B1_400 x 850                                                              , BM110-철근콘크리트구조 보: BM110-철근 콘크리트구조 보_B1-1B1_400 x 850                                                              , BM110-철근콘크리트구조 보: BM110-철근 콘크리트구조 보_B1-1B1_400 x 850
IfcIfcSlab                , 바닥                  , 바닥                                        , E251        , AD                                                               , 바닥                                                                                                                                , SL111-철근콘크리트구조 바닥 150mm_S3                                                                                                , 7622680
IfcIfcWall                , Walls                 , Basic Wall                                  , E24         , AD                                                               , Basic Wall: WA110-철근콘크리트구조 벽_BW1_T500                                                                                      , Basic Wall: WA110-철근콘크리트구조 벽_BW1_T500                                                                                      , Basic Wall: WA110-철근콘크리트구조 벽_BW1_T500
IfcIfcWallStandardCase    , 벽                    , 기본 벽                                     , E24         , AFC100+AJM+AOD112322000+ANC132110000+AGA113100000+AGA441100000   , 기본 벽                                                                                                                             , (복합)A2-22-02A+A1-32-06A_압출+수성                                                                                                 , 7718054
IfcIfcColumn              , 구조 기둥             , CL121-철골구조 기둥                         , E22         , AEA                                                              , CL121-철골구조 기둥                                                                                                                 , CL121-철골구조 기둥_H-200x200x8x12_SC11                                                                                             , 7669406
IfcIfcWall                , 벽                    , 기본 벽                                     , E275        , AD                                                               , 기본 벽                                                                                                                             , WA111-철근콘크리트구조 벽 400mm_BW1                                                                                                 , 7628719
IfcIfcWallStandardCase    , 벽                    , 기본 벽                                     , E275        , AD                                                               , 기본 벽                                                                                                                             , WA111-철근콘크리트구조 벽 200mm_W1                                                                                                  , 7626970
IfcIfcWall                , 벽                    , 기본 벽                                     , E24         , AMB161A+AD+ANC132110000+AGA113100000+AGA441100000                , 기본 벽                                                                                                                             , (복합)WA313+WA111(200_CW1)+A1-32-06A_화강석잔다듬+철콘+수성                                                                         , 7719966
IfcIfcSlab                , 바닥                  , 바닥                                        , E251        , AD+AMB3032E                                                      , 바닥                                                                                                                                , (복합)SL111(150_S3)+A1-14-06B_철콘+테라조                                                                                           , 7726310
IfcIfcBeam                , Structural Framing    , BM110-철근콘크리트구조 보                   , E23         , AD                                                               , BM110-철근콘크리트구조 보: BM110-철근 콘크리트구조 보_2-10G7_400 x 400                                                              , BM110-철근콘크리트구조 보: BM110-철근 콘크리트구조 보_2-10G7_400 x 400                                                              , BM110-철근콘크리트구조 보: BM110-철근 콘크리트구조 보_2-10G7_400 x 400
IfcIfcWallStandardCase    , Walls                 , Basic Wall                                  , E24         , AD                                                               , Basic Wall: WA110-철근콘크리트구조 벽_BW3_T400                                                                                      , Basic Wall: WA110-철근콘크리트구조 벽_BW3_T400                                                                                      , Basic Wall: WA110-철근콘크리트구조 벽_BW3_T400
IfcIfcBeam                , 구조 프레임           , BM111-철근콘크리트구조 보                   , E23         , AD                                                               , BM111-철근콘크리트구조 보                                                                                                           , BM110-철근 콘크리트구조 보_500 x 400_2-10G5                                                                                         , 7669425
IfcIfcWallStandardCase    , 벽                    , 기본 벽                                     , E275        , AD                                                               , 기본 벽                                                                                                                             , WA111-철근콘크리트구조 벽 400mm_BW1                                                                                                 , 7628719
IfcIfcWall                , 벽                    , 기본 벽                                     , E24         , AFA111010000                                                     , 기본 벽                                                                                                                             , WA211-시멘트벽돌(일반) 벽 (0.5B) 90mm                                                                                               , 6839214
IfcIfcRamp                , 바닥                  , 바닥                                        , E275        , AD                                                               , 바닥                                                                                                                                , RP111-철근콘크리트구조 램프 (직선형) 300mm                                                                                          , 7468709
IfcIfcCovering            , 천장                  , 복합 천장                                   , E36         , AJI100100000+AOMB                                                , 복합 천장                                                                                                                           , "A1-45-06A-경량철골천장틀(M-Bar), 열경화성수지(300x300x1.2mm) (2mm) TYPE-D"                                                         , 6897901
IfcIfcBeam                , 구조 프레임           , BM111-철근콘크리트구조 보                   , E23         , AD                                                               , BM111-철근콘크리트구조 보                                                                                                           , BM110-철근 콘크리트구조 보_400 x 400_2-10G6                                                                                         , 7669419
IfcIfcBeam                , Structural Framing    , BM110-철근콘크리트구조 보                   , E23         , AD                                                               , BM110-철근콘크리트구조 보: BM110-철근 콘크리트구조 보_2-10B5_400 x 400                                                              , BM110-철근콘크리트구조 보: BM110-철근 콘크리트구조 보_2-10B5_400 x 400                                                              , BM110-철근콘크리트구조 보: BM110-철근 콘크리트구조 보_2-10B5_400 x 400
IfcIfcBeam                , 구조 프레임           , BM111-철근콘크리트구조 보                   , E23         , AD                                                               , BM111-철근콘크리트구조 보                                                                                                           , BM110-철근 콘크리트구조 보_400 x 850_-1WG1                                                                                          , 7669395
IfcIfcWall                , 벽                    , 기본 벽                                     , E275        , AD                                                               , 기본 벽                                                                                                                             , WA111-철근콘크리트구조 벽 500mm_BW4                                                                                                 , 7626681
IfcIfcBeam                , 구조 프레임           , BM121-철골구조 보                           , E23         , AEA                                                              , BM121-철골구조 보                                                                                                                   , BM121-철골구조 H형강(H-100x100) 보_H-100x100x8x6_SG11                                                                               , 7669429
IfcIfcWall                , 벽                    , 기본 벽                                     , E275        , ADANC132110000+AGA113100000+AGA441100000+AMA112C+AGA114400000    , 기본 벽                                                                                                                             , (복합)A1-32-06A+WA111+A1-33-01B_수성+철콘+화장실                                                                                    , 7717586
IfcIfcBeam                , Structural Framing    , BM110-철근콘크리트구조 보                   , E23         , AD                                                               , BM110-철근콘크리트구조 보: BM110-철근 콘크리트구조 보_B1-1G5_500 x 850                                                              , BM110-철근콘크리트구조 보: BM110-철근 콘크리트구조 보_B1-1G5_500 x 850                                                              , BM110-철근콘크리트구조 보: BM110-철근 콘크리트구조 보_B1-1G5_500 x 850
IfcIfcWall                , 벽                    , 기본 벽                                     , E24         , AFA111010000+ANC132110000+AGA113100000+AGA441100000              , 기본 벽                                                                                                                             , (복합)WA211+A1-32-06A-시멘트벽돌(일반)+수성                                                                                         , 7725005
IfcIfcBuildingElementProxy, 바닥                  , 바닥                                        , E11280      , AD                                                               , 바닥                                                                                                                                , 보행로(구내)                                                                                                                        , 8014152
IfcIfcSlab                , Floors                , Floor                                       , E251        , AD                                                               , Floor: SL110-철근콘크리트구조 바닥_1S12_THK200                                                                                      , Floor: SL110-철근콘크리트구조 바닥_1S12_THK200                                                                                      , Floor: SL110-철근콘크리트구조 바닥_1S12_THK200
IfcIfcBeam                , 구조 프레임           , BM111-철근콘크리트구조 보                   , E23         , AD                                                               , BM111-철근콘크리트구조 보                                                                                                           , BM110-철근 콘크리트구조 보_400 x 500_RB3                                                                                            , 7669447
IfcIfcBuildingElementProxy, 주차장                , SE251-기본주차                              , E77         , CLH2601                                                          , SE251-기본주차                                                                                                                      , SE251-기본주차 경형                                                                                                                 , 3098912
IfcIfcSlab                , Floors                , Floor                                       , E251        , AD                                                               , Floor: SL110-철근콘크리트구조 바닥_B1S5_THK150                                                                                      , Floor: SL110-철근콘크리트구조 바닥_B1S5_THK150                                                                                      , Floor: SL110-철근콘크리트구조 바닥_B1S5_THK150
IfcIfcDoor                , 문                    , "DR111-외여닫이문(철재, 일반, 양개)"        , E333        , ALA110100000                                                     , "DR111-외여닫이문(철재, 일반, 양개)"                                                                                                , "DR111-외여닫이문(유리, 일반, 양개) 1100x1970mm"                                                                                    , 7689464
IfcIfcSlab                , Floors                , Floor                                       , E251        , AD                                                               , Floor: SL110-철근콘크리트구조 바닥_B2-B1RaS1_THK300                                                                                 , Floor: SL110-철근콘크리트구조 바닥_B2-B1RaS1_THK300                                                                                 , Floor: SL110-철근콘크리트구조 바닥_B2-B1RaS1_THK300
IfcIfcWallStandardCase    , Walls                 , Basic Wall                                  , E24         , AD                                                               , Basic Wall: WA110-철근콘크리트구조 벽_BW1_T500                                                                                      , Basic Wall: WA110-철근콘크리트구조 벽_BW1_T500                                                                                      , Basic Wall: WA110-철근콘크리트구조 벽_BW1_T500
IfcIfcSlab                , 바닥                  , 바닥                                        , E25         , AMA31+AHJ112400000+AHC10091A+AGA133600000                        , 바닥                                                                                                                                , "A1-14-03A-시멘트모르타르(고름용), 도막방수, 시멘트모르타르(보호용), 자기질타일 (90mm)"                                             , 6843582
IfcIfcBuildingElementProxy, 주차장                , XX171-주차선 표기(일반용)                   , E77         , CLH2601                                                          , XX171-주차선 표기(일반용)                                                                                                           , XX171-주차선 표기(일반용)_라인(2.5X5.0)                                                                                             , 8014140
IfcIfcBeam                , 구조 프레임           , BM111-철근콘크리트구조 보                   , E23         , AD                                                               , BM111-철근콘크리트구조 보                                                                                                           , BM110-철근 콘크리트구조 보_400 x 400_2-10G3                                                                                         , 7669408
IfcIfcBeam                , 구조 프레임           , BM111-철근콘크리트구조 보                   , E23         , AD                                                               , BM111-철근콘크리트구조 보                                                                                                           , BM110-철근 콘크리트구조 보_400 x 500_RG8                                                                                            , 7669449
IfcIfcFurnishingElement   , Furniture             , PF531-거울                                  , E71320      , HB3                                                              , PF531-거울: PF531-거울 600x800                                                                                                      , PF531-거울: PF531-거울 600x800                                                                                                      , PF531-거울: PF531-거울 600x800
IfcIfcSlab                , 바닥                  , 바닥                                        , E25         , AND011+AGA310500000+ADF102100000+AJM4B+AHI0004E                  , 바닥                                                                                                                                , "A1-12-13B-시멘트 액체방수(2차), 와이어매쉬(#8 150x150), 무근콘크리트, 시멘트모르타르(고름용), 우레탄페인트 (160mm)"                , 6843431
IfcIfcMember              , 커튼월 멀리언         , 직사각형 멀리언                             , E336        , ALC1                                                             , 직사각형 멀리언                                                                                                                     , CW200-직사각형 멀리언 60 x 100mm                                                                                                    , 2126803
IfcIfcBuildingElementProxy, 바닥                  , 바닥                                        , E25         , AD                                                               , 바닥                                                                                                                                , 자전거 도로                                                                                                                         , 8014146
IfcIfcBuildingElementProxy, 주차장                , SE251-기본주차                              , E77         , CLH2601                                                          , SE251-기본주차                                                                                                                      , SE251-기본주차 일반형 야외                                                                                                          , 8093902
IfcIfcBeam                , Structural Framing    , BM110-철근콘크리트구조 보                   , E23         , AD                                                               , BM110-철근콘크리트구조 보: BM110-철근 콘크리트구조 보_B1-1G3_400 x 850                                                              , BM110-철근콘크리트구조 보: BM110-철근 콘크리트구조 보_B1-1G3_400 x 850                                                              , BM110-철근콘크리트구조 보: BM110-철근 콘크리트구조 보_B1-1G3_400 x 850
IfcIfcFurnishingElement   , Furniture             , PF582-소변기 칸막이                         , E714        , AOC771                                                           , PF582-소변기 칸막이: PF582-소변기 칸막이                                                                                            , PF582-소변기 칸막이: PF582-소변기 칸막이                                                                                            , PF582-소변기 칸막이: PF582-소변기 칸막이
IfcIfcRamp                , 바닥                  , 바닥                                        , E25         , ANI000012030+ADF102100000+AJM4B+AGA441100000                     , 바닥                                                                                                                                , "A1-12-09B-쇠흙손마감, 와이어매쉬(#8 150x150), 무근콘크리트, 에폭시페인트 (100mm)"                                                  , 6843374
IfcIfcBeam                , 구조 프레임           , BM111-철근콘크리트구조 보                   , E23         , AD                                                               , BM111-철근콘크리트구조 보                                                                                                           , BM110-철근 콘크리트구조 보_500 x 400_2-10G9                                                                                         , 7669422
IfcIfcBeam                , Structural Framing    , BM110-철근콘크리트구조 보                   , E23         , AD                                                               , BM110-철근콘크리트구조 보: BM110-철근 콘크리트구조 보_B1B3_400 x 800                                                                , BM110-철근콘크리트구조 보: BM110-철근 콘크리트구조 보_B1B3_400 x 800                                                                , BM110-철근콘크리트구조 보: BM110-철근 콘크리트구조 보_B1B3_400 x 800
IfcIfcWallStandardCase    , 벽                    , 기본 벽                                     , E275        , AD                                                               , 기본 벽                                                                                                                             , WA111-철근콘크리트구조 벽 200mm_CW1                                                                                                 , 7430341
IfcIfcBeam                , 구조 프레임           , BM111-철근콘크리트구조 보                   , E23         , AD                                                               , BM111-철근콘크리트구조 보                                                                                                           , BM110-철근 콘크리트구조 보_500 x 500_RG9                                                                                            , 7669443
IfcIfcBeam                , Structural Framing    , BM110-철근콘크리트구조 보                   , E23         , AD                                                               , BM110-철근콘크리트구조 보: BM110-철근 콘크리트구조 보_2-10G6_400 x 400                                                              , BM110-철근콘크리트구조 보: BM110-철근 콘크리트구조 보_2-10G6_400 x 400                                                              , BM110-철근콘크리트구조 보: BM110-철근 콘크리트구조 보_2-10G6_400 x 400
IfcIfcWallStandardCase    , Walls                 , Basic Wall                                  , E24         , AD                                                               , Basic Wall: WA110-철근콘크리트구조 벽_BW2_T500                                                                                      , Basic Wall: WA110-철근콘크리트구조 벽_BW2_T500                                                                                      , Basic Wall: WA110-철근콘크리트구조 벽_BW2_T500
IfcIfcBeam                , Structural Framing    , BM110-철근콘크리트구조 보                   , E23         , AD                                                               , BM110-철근콘크리트구조 보: BM110-철근 콘크리트구조 보_B1-1B2_400 x 800                                                              , BM110-철근콘크리트구조 보: BM110-철근 콘크리트구조 보_B1-1B2_400 x 800                                                              , BM110-철근콘크리트구조 보: BM110-철근 콘크리트구조 보_B1-1B2_400 x 800
IfcIfcRailing             , 난간                  , 난간                                        , E352        , AJC                                                              , 난간                                                                                                                                , RL780-금속재 난간                                                                                                                   , 6992761
IfcIfcBeam                , Structural Framing    , BM110-철근콘크리트구조 보                   , E23         , AD                                                               , BM110-철근콘크리트구조 보: BM110-철근 콘크리트구조 보_RG12_600 x 500                                                                , BM110-철근콘크리트구조 보: BM110-철근 콘크리트구조 보_RG12_600 x 500                                                                , BM110-철근콘크리트구조 보: BM110-철근 콘크리트구조 보_RG12_600 x 500
IfcIfcBeam                , 구조 프레임           , BM111-철근콘크리트구조 보                   , E23         , AD                                                               , BM111-철근콘크리트구조 보                                                                                                           , BM110-철근 콘크리트구조 보_400 x 800_1B5                                                                                            , 7667213
IfcIfcBuildingElementProxy, Generic Models        , 파라펫                                      , E24         , AJC103100000                                                     , 파라펫                                                                                                                              , 파라펫                                                                                                                              , 9999901
IfcIfcBuildingElementProxy, Generic Models        , 파라펫1                                     , E24         , AJC103100000                                                     , 파라펫1                                                                                                                             , 파라펫                                                                                                                              , 9999902
IfcIfcBuildingElementProxy, Generic Models        , 파라펫2                                     , E24         , AJC103100000                                                     , 파라펫2                                                                                                                             , 파라펫                                                                                                                              , 9999903
