ifc_type                  , category              , family_name                              , kbims_code, family                                                                                                                              , type                                                                                                                                , type_id
IfcIfcCovering            , Ceilings              , Compound Ceiling                         , E36       , "Compound Ceiling: A1-46-01B-콘크리트면정리, 유리면 흡음판(그라스크로스) (50mm)"                                                    , "Compound Ceiling: A1-46-01B-콘크리트면정리, 유리면 흡음판(그라스크로스) (50mm)"                                                    , "Compound Ceiling: A1-46-01B-콘크리트면정리, 유리면 흡음판(그라스크로스) (50mm)"
                          , Furniture             , PF531-거울                               , E71320    , PF531-거울: PF531-거울 800x800                                                                                                      , PF531-거울: PF531-거울 800x800                                                                                                      , PF531-거울: PF531-거울 800x800
                          , Structural Framing    , BM110-철근콘크리트구조 보                , E23       , BM110-철근콘크리트구조 보: BM110-철근 콘크리트구조 보_2-10B2_400 x 400                                                              , BM110-철근콘크리트구조 보: BM110-철근 콘크리트구조 보_2-10B2_400 x 400                                                              , BM110-철근콘크리트구조 보: BM110-철근 콘크리트구조 보_2-10B2_400 x 400
IfcIfcBeam                , Structural Framing    , BM110-철근콘크리트구조 보                , E23       , BM110-철근콘크리트구조 보: BM110-철근 콘크리트구조 보_2-10G1_400 x 400                                                              , BM110-철근콘크리트구조 보: BM110-철근 콘크리트구조 보_2-10G1_400 x 400                                                              , BM110-철근콘크리트구조 보: BM110-철근 콘크리트구조 보_2-10G1_400 x 400
IfcIfcSlab                , Floors                , Floor                                    , E251      , Floor: SL110-철근콘크리트구조 바닥_1S4_THK200                                                                                       , Floor: SL110-철근콘크리트구조 바닥_1S4_THK200                                                                                       , Floor: SL110-철근콘크리트구조 바닥_1S4_THK200
IfcIfcSlab                , Structural Foundations, Foundation Slab                          , E063      , Foundation Slab: FT113-매트기초(기초슬래브)_MF1_1800mm                                                                              , Foundation Slab: FT113-매트기초(기초슬래브)_MF1_1800mm                                                                              , Foundation Slab: FT113-매트기초(기초슬래브)_MF1_1800mm
IfcIfcWall                , Walls                 , Basic Wall                               , E24       , Basic Wall: WA310-화강석 벽                                                                                                         , Basic Wall: WA310-화강석 벽                                                                                                         , Basic Wall: WA310-화강석 벽
IfcIfcWallStandardCase    , Walls                 , Basic Wall                               , E24       , "Basic Wall: A1-33-01B-시멘트 모르타르, 도기질타일 (30mm)"                                                                          , "Basic Wall: A1-33-01B-시멘트 모르타르, 도기질타일 (30mm)"                                                                          , "Basic Wall: A1-33-01B-시멘트 모르타르, 도기질타일 (30mm)"
                          , Floors                , Floor                                    , E251      , Floor: SL110-철근콘크리트구조 바닥_1S13_THK200                                                                                      , Floor: SL110-철근콘크리트구조 바닥_1S13_THK200                                                                                      , Floor: SL110-철근콘크리트구조 바닥_1S13_THK200
IfcIfcFurnishingElement   , Furniture             , PF531-거울                               , E71320    , PF531-거울: PF531-거울 800x800                                                                                                      , PF531-거울: PF531-거울 800x800                                                                                                      , PF531-거울: PF531-거울 800x800
                          , Structural Framing    , BM110-철근콘크리트구조 보                , E23       , BM110-철근콘크리트구조 보: BM110-철근 콘크리트구조 보_RB4_400 x 500                                                                 , BM110-철근콘크리트구조 보: BM110-철근 콘크리트구조 보_RB4_400 x 500                                                                 , BM110-철근콘크리트구조 보: BM110-철근 콘크리트구조 보_RB4_400 x 500
IfcIfcWallStandardCase    , Walls                 , Basic Wall                               , E24       , Basic Wall: WA110-철근콘크리트구조 벽_BW3_T500                                                                                      , Basic Wall: WA110-철근콘크리트구조 벽_BW3_T500                                                                                      , Basic Wall: WA110-철근콘크리트구조 벽_BW3_T500
                          , Structural Framing    , BM110-철근콘크리트구조 보                , E23       , BM110-철근콘크리트구조 보: BM110-철근 콘크리트구조 보_B1-1B1_400 x 850                                                              , BM110-철근콘크리트구조 보: BM110-철근 콘크리트구조 보_B1-1B1_400 x 850                                                              , BM110-철근콘크리트구조 보: BM110-철근 콘크리트구조 보_B1-1B1_400 x 850
IfcIfcDoor                , Doors                 , DR872-샤프트 점검구(스테인리스 스틸)     , E331      , DR872-샤프트 점검구(스테인리스 스틸): DR872-샤프트 점검구(스테인리스 스틸)_SD4_650*600                                              , DR872-샤프트 점검구(스테인리스 스틸): DR872-샤프트 점검구(스테인리스 스틸)_SD4_650*600                                              , DR872-샤프트 점검구(스테인리스 스틸): DR872-샤프트 점검구(스테인리스 스틸)_SD4_650*600
IfcIfcFlowTerminal        , Plumbing Fixtures     , PF127-서양식 탱크일체형                  , E71210    , PF127-서양식 탱크일체형: PF127-서양식 탱크일체형                                                                                    , PF127-서양식 탱크일체형: PF127-서양식 탱크일체형                                                                                    , PF127-서양식 탱크일체형: PF127-서양식 탱크일체형
IfcIfcWall                , Walls                 , Basic Wall                               , E24       , Basic Wall: WA110-철근콘크리트구조 벽_CW2_T200                                                                                      , Basic Wall: WA110-철근콘크리트구조 벽_CW2_T200                                                                                      , Basic Wall: WA110-철근콘크리트구조 벽_CW2_T200
IfcIfcSlab                , Floors                , Floor                                    , E25       , Floor: SL440-목재블록 바닥                                                                                                          , Floor: SL440-목재블록 바닥                                                                                                          , Floor: SL440-목재블록 바닥
                          , Structural Framing    , BM110-철근콘크리트구조 보                , E23       , BM110-철근콘크리트구조 보: BM110-철근 콘크리트구조 보_RB2_400 x 500                                                                 , BM110-철근콘크리트구조 보: BM110-철근 콘크리트구조 보_RB2_400 x 500                                                                 , BM110-철근콘크리트구조 보: BM110-철근 콘크리트구조 보_RB2_400 x 500
IfcIfcBuildingElementProxy, Generic Models        , SE251-기본주차                           , E77       , SE251-기본주차: SE251-기본주차 경형                                                                                                 , SE251-기본주차: SE251-기본주차 경형                                                                                                 , SE251-기본주차: SE251-기본주차 경형
                          , Walls                 , Basic Wall                               , E24       , Basic Wall: WA110-철근콘크리트구조 벽_DW1_T600                                                                                      , Basic Wall: WA110-철근콘크리트구조 벽_DW1_T600                                                                                      , Basic Wall: WA110-철근콘크리트구조 벽_DW1_T600
                          , Structural Columns    , CL111-철근콘크리트구조 기둥 (각형)       , E22       , CL111-철근콘크리트구조 기둥 (각형): CL111-철근콘크리트구조 기둥 (각형)_B2-10C4_600x600                                              , CL111-철근콘크리트구조 기둥 (각형): CL111-철근콘크리트구조 기둥 (각형)_B2-10C4_600x600                                              , CL111-철근콘크리트구조 기둥 (각형): CL111-철근콘크리트구조 기둥 (각형)_B2-10C4_600x600
IfcIfcColumn              , Structural Columns    , CL111-철근콘크리트구조 기둥 (각형)       , E22       , CL111-철근콘크리트구조 기둥 (각형): CL111-철근콘크리트구조 기둥 (각형)_2-7C2_800x800                                                , CL111-철근콘크리트구조 기둥 (각형): CL111-철근콘크리트구조 기둥 (각형)_2-7C2_800x800                                                , CL111-철근콘크리트구조 기둥 (각형): CL111-철근콘크리트구조 기둥 (각형)_2-7C2_800x800
                          , Generic Models        , SE251-장애인 표시                        , E77       , SE251-장애인 표시: SE251-장애인 표시                                                                                                , SE251-장애인 표시: SE251-장애인 표시                                                                                                , SE251-장애인 표시: SE251-장애인 표시
IfcIfcBeam                , Structural Framing    , BM114-꺾임 보                            , E23       , BM114-꺾임 보: BM114-꺾임 보_1WG2_400x600                                                                                           , BM114-꺾임 보: BM114-꺾임 보_1WG2_400x600                                                                                           , BM114-꺾임 보: BM114-꺾임 보_1WG2_400x600
IfcIfcFurnishingElement   , Furniture             , PF581-대변기 칸막이                      , E714      , PF581-대변기 칸막이: PF581-대변기 칸막이(출입면) 1300*900*1900                                                                      , PF581-대변기 칸막이: PF581-대변기 칸막이(출입면) 1300*900*1900                                                                      , PF581-대변기 칸막이: PF581-대변기 칸막이(출입면) 1300*900*1900
                          , Structural Framing    , BM110-철근콘크리트구조 보                , E23       , BM110-철근콘크리트구조 보: BM110-철근 콘크리트구조 보_RB3_400 x 500                                                                 , BM110-철근콘크리트구조 보: BM110-철근 콘크리트구조 보_RB3_400 x 500                                                                 , BM110-철근콘크리트구조 보: BM110-철근 콘크리트구조 보_RB3_400 x 500
IfcIfcWall                , Walls                 , Basic Wall                               , E24       , Basic Wall: WA110-철근콘크리트구조 벽_W1_T200                                                                                       , Basic Wall: WA110-철근콘크리트구조 벽_W1_T200                                                                                       , Basic Wall: WA110-철근콘크리트구조 벽_W1_T200
IfcIfcWallStandardCase    , Walls                 , Basic Wall                               , E24       , Basic Wall: WA110-철근콘크리트구조 벽_BW3_T400                                                                                      , Basic Wall: WA110-철근콘크리트구조 벽_BW3_T400                                                                                      , Basic Wall: WA110-철근콘크리트구조 벽_BW3_T400
                          , Curtain Wall Mullions , 직사각형 멀리언                          , E336      , 직사각형 멀리언: CW200-직사각형 멀리언 100 x 100mm                                                                                  , 직사각형 멀리언: CW200-직사각형 멀리언 100 x 100mm                                                                                  , 직사각형 멀리언: CW200-직사각형 멀리언 100 x 100mm
                          , Walls                 , Basic Wall                               , E24       , "Basic Wall: WA730-DRY WALL(C50, GS12.5mm) (2겹양면, GW50mm) 100mm"                                                                 , "Basic Wall: WA730-DRY WALL(C50, GS12.5mm) (2겹양면, GW50mm) 100mm"                                                                 , "Basic Wall: WA730-DRY WALL(C50, GS12.5mm) (2겹양면, GW50mm) 100mm"
IfcIfcBeam                , Structural Framing    , BM110-철근콘크리트구조 보                , E23       , BM110-철근콘크리트구조 보: BM110-철근 콘크리트구조 보_B1-1G3_400 x 850                                                              , BM110-철근콘크리트구조 보: BM110-철근 콘크리트구조 보_B1-1G3_400 x 850                                                              , BM110-철근콘크리트구조 보: BM110-철근 콘크리트구조 보_B1-1G3_400 x 850
IfcIfcBuildingElementProxy, Generic Models        , SE251-기본주차                           , E77       , SE251-기본주차: SE251-기본주차 일반형                                                                                               , SE251-기본주차: SE251-기본주차 일반형                                                                                               , SE251-기본주차: SE251-기본주차 일반형
                          , Windows               , WD730-그릴창                             , E334      , WD730-그릴창: WD730-그릴창_알루미늄바_ST1_THK100                                                                                    , WD730-그릴창: WD730-그릴창_알루미늄바_ST1_THK100                                                                                    , WD730-그릴창: WD730-그릴창_알루미늄바_ST1_THK100
                          , Furniture             , FN114-소파테이블(각형)                   , E81       , FN114-소파테이블(각형): FN114-소파테이블(각형) 1200x600                                                                             , FN114-소파테이블(각형): FN114-소파테이블(각형) 1200x600                                                                             , FN114-소파테이블(각형): FN114-소파테이블(각형) 1200x600
                          , Structural Framing    , BM110-철근콘크리트구조 보                , E23       , BM110-철근콘크리트구조 보: BM110-철근 콘크리트구조 보_RG2_400 x 500                                                                 , BM110-철근콘크리트구조 보: BM110-철근 콘크리트구조 보_RG2_400 x 500                                                                 , BM110-철근콘크리트구조 보: BM110-철근 콘크리트구조 보_RG2_400 x 500
IfcIfcWall                , Walls                 , Basic Wall                               , E24       , Basic Wall: WA110-철근콘크리트구조 벽_CW1_T200                                                                                      , Basic Wall: WA110-철근콘크리트구조 벽_CW1_T200                                                                                      , Basic Wall: WA110-철근콘크리트구조 벽_CW1_T200
                          , Furniture             , FN113-소파(2인용)                        , E81       , FN113-소파(2인용): FN113-소파(2인용) 1360x860                                                                                       , FN113-소파(2인용): FN113-소파(2인용) 1360x860                                                                                       , FN113-소파(2인용): FN113-소파(2인용) 1360x860
                          , Structural Framing    , BM110-철근콘크리트구조 보                , E23       , BM110-철근콘크리트구조 보: BM110-철근 콘크리트구조 보_RG12_600 x 500                                                                , BM110-철근콘크리트구조 보: BM110-철근 콘크리트구조 보_RG12_600 x 500                                                                , BM110-철근콘크리트구조 보: BM110-철근 콘크리트구조 보_RG12_600 x 500
IfcIfcBeam                , Structural Framing    , BM110-철근콘크리트구조 보                , E23       , BM110-철근콘크리트구조 보: BM110-철근 콘크리트구조 보_RG11_500 x 500                                                                , BM110-철근콘크리트구조 보: BM110-철근 콘크리트구조 보_RG11_500 x 500                                                                , BM110-철근콘크리트구조 보: BM110-철근 콘크리트구조 보_RG11_500 x 500
                          , Plumbing Fixtures     , PF123-유아용 서양식 변기                 , E71210    , PF123-유아용 서양식 변기: PF123-유아용 서양식 변기                                                                                  , PF123-유아용 서양식 변기: PF123-유아용 서양식 변기                                                                                  , PF123-유아용 서양식 변기: PF123-유아용 서양식 변기
IfcIfcFurnishingElement   , Furniture             , PF581-대변기 칸막이                      , E714      , PF581-대변기 칸막이: PF581-대변기 칸막이(오른쪽) 1300*900*2400                                                                      , PF581-대변기 칸막이: PF581-대변기 칸막이(오른쪽) 1300*900*2400                                                                      , PF581-대변기 칸막이: PF581-대변기 칸막이(오른쪽) 1300*900*2400
IfcIfcDoor                , Doors                 , "DR121-쌍여닫이문(철재, 방화문)"         , E333      , "DR121-쌍여닫이문(철재, 방화문): DR121-쌍여닫이문(철재, 방화문) 1800x2100mm_FSD2"                                                   , "DR121-쌍여닫이문(철재, 방화문): DR121-쌍여닫이문(철재, 방화문) 1800x2100mm_FSD2"                                                   , "DR121-쌍여닫이문(철재, 방화문): DR121-쌍여닫이문(철재, 방화문) 1800x2100mm_FSD2"
IfcIfcBeam                , Structural Framing    , BM110-철근콘크리트구조 보                , E23       , BM110-철근콘크리트구조 보: BM110-철근 콘크리트구조 보_RB1_400 x 500                                                                 , BM110-철근콘크리트구조 보: BM110-철근 콘크리트구조 보_RB1_400 x 500                                                                 , BM110-철근콘크리트구조 보: BM110-철근 콘크리트구조 보_RB1_400 x 500
                          , Structural Framing    , BM110-철근콘크리트구조 보                , E23       , BM110-철근콘크리트구조 보: BM110-철근 콘크리트구조 보_1WG2_400 x 850                                                                , BM110-철근콘크리트구조 보: BM110-철근 콘크리트구조 보_1WG2_400 x 850                                                                , BM110-철근콘크리트구조 보: BM110-철근 콘크리트구조 보_1WG2_400 x 850
                          , Floors                , Floor                                    , E251      , Floor: SL110-철근콘크리트구조 바닥_B1S6_THK200                                                                                      , Floor: SL110-철근콘크리트구조 바닥_B1S6_THK200                                                                                      , Floor: SL110-철근콘크리트구조 바닥_B1S6_THK200
IfcIfcBeam                , Structural Framing    , BM110-철근콘크리트구조 보                , E23       , BM110-철근콘크리트구조 보: BM110-철근 콘크리트구조 보_2-10WG2_400 x 400                                                             , BM110-철근콘크리트구조 보: BM110-철근 콘크리트구조 보_2-10WG2_400 x 400                                                             , BM110-철근콘크리트구조 보: BM110-철근 콘크리트구조 보_2-10WG2_400 x 400
IfcIfcSlab                , Floors                , Floor                                    , E251      , Floor: SL110-철근콘크리트구조 바닥_RS1_THK150                                                                                       , Floor: SL110-철근콘크리트구조 바닥_RS1_THK150                                                                                       , Floor: SL110-철근콘크리트구조 바닥_RS1_THK150
                          , Doors                 , DR872-샤프트 점검구(스테인리스 스틸)     , E331      , DR872-샤프트 점검구(스테인리스 스틸): DR872-샤프트 점검구(스테인리스 스틸)_SD3_650*1600                                             , DR872-샤프트 점검구(스테인리스 스틸): DR872-샤프트 점검구(스테인리스 스틸)_SD3_650*1600                                             , DR872-샤프트 점검구(스테인리스 스틸): DR872-샤프트 점검구(스테인리스 스틸)_SD3_650*1600
                          , Floors                , Floor                                    , E251      , Floor: SL110-철근콘크리트구조 바닥_2-10S3_THK150                                                                                    , Floor: SL110-철근콘크리트구조 바닥_2-10S3_THK150                                                                                    , Floor: SL110-철근콘크리트구조 바닥_2-10S3_THK150
IfcIfcSlab                , Floors                , Floor                                    , E25       , Floor: A1-14-06B-테라조타일 (80mm)                                                                                                  , Floor: A1-14-06B-테라조타일 (80mm)                                                                                                  , Floor: A1-14-06B-테라조타일 (80mm)
                          , Structural Columns    , CL111-철근콘크리트구조 기둥 (각형)       , E22       , CL111-철근콘크리트구조 기둥 (각형): CL111-철근콘크리트구조 기둥 (각형)_5-6C1_700x700                                                , CL111-철근콘크리트구조 기둥 (각형): CL111-철근콘크리트구조 기둥 (각형)_5-6C1_700x700                                                , CL111-철근콘크리트구조 기둥 (각형): CL111-철근콘크리트구조 기둥 (각형)_5-6C1_700x700
                          , Structural Framing    , BM110-철근콘크리트구조 보                , E23       , BM110-철근콘크리트구조 보: BM110-철근 콘크리트구조 보_1B4(역보)_300 x 1500                                                          , BM110-철근콘크리트구조 보: BM110-철근 콘크리트구조 보_1B4(역보)_300 x 1500                                                          , BM110-철근콘크리트구조 보: BM110-철근 콘크리트구조 보_1B4(역보)_300 x 1500
                          , Furniture             , PF581-대변기 칸막이                      , E714      , PF581-대변기 칸막이: PF581-대변기 칸막이(왼쪽) 970*1430*2400                                                                        , PF581-대변기 칸막이: PF581-대변기 칸막이(왼쪽) 970*1430*2400                                                                        , PF581-대변기 칸막이: PF581-대변기 칸막이(왼쪽) 970*1430*2400
IfcIfcFurnishingElement   , Furniture             , FN114-소파테이블(각형)                   , E81       , FN114-소파테이블(각형): FN114-소파테이블(각형) 800x800                                                                              , FN114-소파테이블(각형): FN114-소파테이블(각형) 800x800                                                                              , FN114-소파테이블(각형): FN114-소파테이블(각형) 800x800
IfcIfcWallStandardCase    , Walls                 , Basic Wall                               , E24       , "Basic Wall: A2-22-02A-압출스치로품, BRACKET(STEEL), ALC블록 (150mm)"                                                               , "Basic Wall: A2-22-02A-압출스치로품, BRACKET(STEEL), ALC블록 (150mm)"                                                               , "Basic Wall: A2-22-02A-압출스치로품, BRACKET(STEEL), ALC블록 (150mm)"
IfcIfcWall                , Walls                 , Basic Wall                               , E24       , Basic Wall: WA110-철근콘크리트구조 벽_W3_T125                                                                                       , Basic Wall: WA110-철근콘크리트구조 벽_W3_T125                                                                                       , Basic Wall: WA110-철근콘크리트구조 벽_W3_T125
                          , Walls                 , Basic Wall                               , E24       , "Basic Wall: A1-33-01B-시멘트 모르타르, 도기질타일 (30mm)"                                                                          , "Basic Wall: A1-33-01B-시멘트 모르타르, 도기질타일 (30mm)"                                                                          , "Basic Wall: A1-33-01B-시멘트 모르타르, 도기질타일 (30mm)"
                          , Walls                 , Basic Wall                               , E24       , Basic Wall: WA110-철근콘크리트구조 벽_BT1_T200                                                                                      , Basic Wall: WA110-철근콘크리트구조 벽_BT1_T200                                                                                      , Basic Wall: WA110-철근콘크리트구조 벽_BT1_T200
IfcIfcBeam                , Structural Framing    , BM110-철근콘크리트구조 보                , E23       , BM110-철근콘크리트구조 보: BM110-철근 콘크리트구조 보_2-10B5_400 x 400                                                              , BM110-철근콘크리트구조 보: BM110-철근 콘크리트구조 보_2-10B5_400 x 400                                                              , BM110-철근콘크리트구조 보: BM110-철근 콘크리트구조 보_2-10B5_400 x 400
                          , Structural Framing    , BM110-철근콘크리트구조 보                , E23       , BM110-철근콘크리트구조 보: BM110-철근 콘크리트구조 보_1B3_400 x 600                                                                 , BM110-철근콘크리트구조 보: BM110-철근 콘크리트구조 보_1B3_400 x 600                                                                 , BM110-철근콘크리트구조 보: BM110-철근 콘크리트구조 보_1B3_400 x 600
IfcIfcSlab                , Floors                , Floor                                    , E251      , Floor: SL110-철근콘크리트구조 바닥_2-10S4_THK150                                                                                    , Floor: SL110-철근콘크리트구조 바닥_2-10S4_THK150                                                                                    , Floor: SL110-철근콘크리트구조 바닥_2-10S4_THK150
                          , Furniture             , FN122-업무용 책상(L형)                   , E81       , FN122-업무용 책상(L형): FN122-업무용 책상(L형) 1400x1200 좌형                                                                       , FN122-업무용 책상(L형): FN122-업무용 책상(L형) 1400x1200 좌형                                                                       , FN122-업무용 책상(L형): FN122-업무용 책상(L형) 1400x1200 좌형
                          , Floors                , Floor                                    , E251      , Floor: SL110-철근콘크리트구조 바닥_B2-1S2_THK150                                                                                    , Floor: SL110-철근콘크리트구조 바닥_B2-1S2_THK150                                                                                    , Floor: SL110-철근콘크리트구조 바닥_B2-1S2_THK150
IfcIfcBeam                , Structural Framing    , BM110-철근콘크리트구조 보                , E23       , BM110-철근콘크리트구조 보: BM110-철근 콘크리트구조 보_RAWG1_600 x 600                                                               , BM110-철근콘크리트구조 보: BM110-철근 콘크리트구조 보_RAWG1_600 x 600                                                               , BM110-철근콘크리트구조 보: BM110-철근 콘크리트구조 보_RAWG1_600 x 600
                          , Structural Framing    , BM110-철근콘크리트구조 보                , E23       , BM110-철근콘크리트구조 보: BM110-철근 콘크리트구조 보_B1-1WG1_400 x 850                                                             , BM110-철근콘크리트구조 보: BM110-철근 콘크리트구조 보_B1-1WG1_400 x 850                                                             , BM110-철근콘크리트구조 보: BM110-철근 콘크리트구조 보_B1-1WG1_400 x 850
IfcIfcFurnishingElement   , Furniture             , FN122-업무용 책상(L형)                   , E81       , FN122-업무용 책상(L형): FN122-업무용 책상(L형) 1800x1200 우형                                                                       , FN122-업무용 책상(L형): FN122-업무용 책상(L형) 1800x1200 우형                                                                       , FN122-업무용 책상(L형): FN122-업무용 책상(L형) 1800x1200 우형
IfcIfcBeam                , Structural Framing    , BM110-철근콘크리트구조 보                , E23       , BM110-철근콘크리트구조 보: BM110-철근 콘크리트구조 보_RB4_400 x 500                                                                 , BM110-철근콘크리트구조 보: BM110-철근 콘크리트구조 보_RB4_400 x 500                                                                 , BM110-철근콘크리트구조 보: BM110-철근 콘크리트구조 보_RB4_400 x 500
                          , Furniture             , FN113-소파(4인용)                        , E81       , FN113-소파(4인용): FN113-소파(4인용) 2900x950                                                                                       , FN113-소파(4인용): FN113-소파(4인용) 2900x950                                                                                       , FN113-소파(4인용): FN113-소파(4인용) 2900x950
IfcIfcWall                , Walls                 , Basic Wall                               , E24       , Basic Wall: WA110-철근콘크리트구조 벽_CW3_T200                                                                                      , Basic Wall: WA110-철근콘크리트구조 벽_CW3_T200                                                                                      , Basic Wall: WA110-철근콘크리트구조 벽_CW3_T200
IfcIfcWall                , Walls                 , Basic Wall                               , E24       , Basic Wall: WA110-철근콘크리트구조 벽_BW1_T500                                                                                      , Basic Wall: WA110-철근콘크리트구조 벽_BW1_T500                                                                                      , Basic Wall: WA110-철근콘크리트구조 벽_BW1_T500
IfcIfcColumn              , Structural Columns    , CL111-철근콘크리트구조 기둥 (각형)       , E22       , CL111-철근콘크리트구조 기둥 (각형): CL111-철근콘크리트구조 기둥 (각형)_B2-7C3_800x800                                               , CL111-철근콘크리트구조 기둥 (각형): CL111-철근콘크리트구조 기둥 (각형)_B2-7C3_800x800                                               , CL111-철근콘크리트구조 기둥 (각형): CL111-철근콘크리트구조 기둥 (각형)_B2-7C3_800x800
                          , Curtain Wall Mullions , 직사각형 멀리언                          , E336      , 직사각형 멀리언: CW200-직사각형 멀리언 60 x 100mm                                                                                   , 직사각형 멀리언: CW200-직사각형 멀리언 60 x 100mm                                                                                   , 직사각형 멀리언: CW200-직사각형 멀리언 60 x 100mm
                          , Curtain Panels        , CW410-프로젝트 창                        , E336      , CW410-프로젝트 창: CW410-프로젝트 창 (하부개폐)                                                                                     , CW410-프로젝트 창: CW410-프로젝트 창 (하부개폐)                                                                                     , CW410-프로젝트 창: CW410-프로젝트 창 (하부개폐)
IfcIfcColumn              , Structural Columns    , CL111-철근콘크리트구조 기둥 (각형)       , E22       , CL111-철근콘크리트구조 기둥 (각형): CL111-철근콘크리트구조 기둥 (각형)_B2-B1C13_1020x400                                            , CL111-철근콘크리트구조 기둥 (각형): CL111-철근콘크리트구조 기둥 (각형)_B2-B1C13_1020x400                                            , CL111-철근콘크리트구조 기둥 (각형): CL111-철근콘크리트구조 기둥 (각형)_B2-B1C13_1020x400
                          , Furniture             , PF581-대변기 칸막이                      , E714      , PF581-대변기 칸막이: PF581-대변기 칸막이(오른쪽) 1300*950*2400                                                                      , PF581-대변기 칸막이: PF581-대변기 칸막이(오른쪽) 1300*950*2400                                                                      , PF581-대변기 칸막이: PF581-대변기 칸막이(오른쪽) 1300*950*2400
                          , Structural Framing    , BM110-철근콘크리트구조 보                , E23       , BM110-철근콘크리트구조 보: BM110-철근 콘크리트구조 보_2-10WG1_400 x 400                                                             , BM110-철근콘크리트구조 보: BM110-철근 콘크리트구조 보_2-10WG1_400 x 400                                                             , BM110-철근콘크리트구조 보: BM110-철근 콘크리트구조 보_2-10WG1_400 x 400
                          , Floors                , Floor                                    , E25       , "Floor: A1-12-09B-쇠흙손마감, 와이어매쉬(#8 150x150), 무근콘크리트, 에폭시페인트 (100mm)"                                           , "Floor: A1-12-09B-쇠흙손마감, 와이어매쉬(#8 150x150), 무근콘크리트, 에폭시페인트 (100mm)"                                           , "Floor: A1-12-09B-쇠흙손마감, 와이어매쉬(#8 150x150), 무근콘크리트, 에폭시페인트 (100mm)"
                          , Furniture             , FN113-소파(3인용)                        , E81       , FN113-소파(3인용): FN113-소파(3인용) 2100x950                                                                                       , FN113-소파(3인용): FN113-소파(3인용) 2100x950                                                                                       , FN113-소파(3인용): FN113-소파(3인용) 2100x950
                          , Furniture             , PF591-대변기용 장애인 손잡이(T자 고정식) , E713      , PF591-대변기용 장애인 손잡이(T자 고정식): PF591-대변기용 장애인 손잡이(T자 고정식)                                                  , PF591-대변기용 장애인 손잡이(T자 고정식): PF591-대변기용 장애인 손잡이(T자 고정식)                                                  , PF591-대변기용 장애인 손잡이(T자 고정식): PF591-대변기용 장애인 손잡이(T자 고정식)
IfcIfcFlowTerminal        , Plumbing Fixtures     , PF213-스톨형 소변기                      , E71215    , PF213-스톨형 소변기: PF213-스톨형 소변기                                                                                            , PF213-스톨형 소변기: PF213-스톨형 소변기                                                                                            , PF213-스톨형 소변기: PF213-스톨형 소변기
                          , Walls                 , Basic Wall                               , E24       , "Basic Wall: A2-22-02A-압출스치로품, BRACKET(STEEL), ALC블록 (150mm)"                                                               , "Basic Wall: A2-22-02A-압출스치로품, BRACKET(STEEL), ALC블록 (150mm)"                                                               , "Basic Wall: A2-22-02A-압출스치로품, BRACKET(STEEL), ALC블록 (150mm)"
                          , Floors                , Floor                                    , E251      , Floor: SL110-철근콘크리트구조 바닥_B2-1S3_THK150                                                                                    , Floor: SL110-철근콘크리트구조 바닥_B2-1S3_THK150                                                                                    , Floor: SL110-철근콘크리트구조 바닥_B2-1S3_THK150
                          , Structural Framing    , BM110-철근콘크리트구조 보                , E23       , BM110-철근콘크리트구조 보: BM110-철근 콘크리트구조 보_2-10B4_400 x 400                                                              , BM110-철근콘크리트구조 보: BM110-철근 콘크리트구조 보_2-10B4_400 x 400                                                              , BM110-철근콘크리트구조 보: BM110-철근 콘크리트구조 보_2-10B4_400 x 400
IfcIfcBeam                , Structural Framing    , BM110-철근콘크리트구조 보                , E23       , BM110-철근콘크리트구조 보: BM110-철근 콘크리트구조 보_RG12_600 x 500                                                                , BM110-철근콘크리트구조 보: BM110-철근 콘크리트구조 보_RG12_600 x 500                                                                , BM110-철근콘크리트구조 보: BM110-철근 콘크리트구조 보_RG12_600 x 500
IfcIfcWall                , Walls                 , Basic Wall                               , E24       , Basic Wall: WA110-철근콘크리트구조 벽_RaW1_T300                                                                                     , Basic Wall: WA110-철근콘크리트구조 벽_RaW1_T300                                                                                     , Basic Wall: WA110-철근콘크리트구조 벽_RaW1_T300
IfcIfcColumn              , Structural Columns    , CL111-철근콘크리트구조 기둥 (각형)       , E22       , CL111-철근콘크리트구조 기둥 (각형): CL111-철근콘크리트구조 기둥 (각형)_B2-1C2_800x900                                               , CL111-철근콘크리트구조 기둥 (각형): CL111-철근콘크리트구조 기둥 (각형)_B2-1C2_800x900                                               , CL111-철근콘크리트구조 기둥 (각형): CL111-철근콘크리트구조 기둥 (각형)_B2-1C2_800x900
                          , Structural Columns    , CL111-철근콘크리트구조 기둥 (각형)       , E22       , CL111-철근콘크리트구조 기둥 (각형): CL111-철근콘크리트구조 기둥 (각형)_B2-1C2_800x900                                               , CL111-철근콘크리트구조 기둥 (각형): CL111-철근콘크리트구조 기둥 (각형)_B2-1C2_800x900                                               , CL111-철근콘크리트구조 기둥 (각형): CL111-철근콘크리트구조 기둥 (각형)_B2-1C2_800x900
IfcIfcBeam                , Structural Framing    , BM110-철근콘크리트구조 보                , E23       , BM110-철근콘크리트구조 보: BM110-철근 콘크리트구조 보_1WG2_400 x 850                                                                , BM110-철근콘크리트구조 보: BM110-철근 콘크리트구조 보_1WG2_400 x 850                                                                , BM110-철근콘크리트구조 보: BM110-철근 콘크리트구조 보_1WG2_400 x 850
IfcIfcMember              , Curtain Wall Mullions , 직사각형 멀리언                          , E336      , 직사각형 멀리언: CW200-직사각형 멀리언 100 x 100mm                                                                                  , 직사각형 멀리언: CW200-직사각형 멀리언 100 x 100mm                                                                                  , 직사각형 멀리언: CW200-직사각형 멀리언 100 x 100mm
IfcIfcDoor                , Doors                 , DR872-샤프트 점검구(스테인리스 스틸)     , E331      , DR872-샤프트 점검구(스테인리스 스틸): DR872-샤프트 점검구(스테인리스 스틸)_SD3_650*1600                                             , DR872-샤프트 점검구(스테인리스 스틸): DR872-샤프트 점검구(스테인리스 스틸)_SD3_650*1600                                             , DR872-샤프트 점검구(스테인리스 스틸): DR872-샤프트 점검구(스테인리스 스틸)_SD3_650*1600
IfcIfcFurnishingElement   , Furniture             , FN113-소파(2인용)                        , E81       , FN113-소파(2인용): FN113-소파(2인용) 1460x850                                                                                       , FN113-소파(2인용): FN113-소파(2인용) 1460x850                                                                                       , FN113-소파(2인용): FN113-소파(2인용) 1460x850
IfcIfcBeam                , Structural Framing    , BM110-철근콘크리트구조 보                , E23       , BM110-철근콘크리트구조 보: BM110-철근 콘크리트구조 보_1B4(역보)_300 x 1500                                                          , BM110-철근콘크리트구조 보: BM110-철근 콘크리트구조 보_1B4(역보)_300 x 1500                                                          , BM110-철근콘크리트구조 보: BM110-철근 콘크리트구조 보_1B4(역보)_300 x 1500
IfcIfcSlab                , Floors                , Floor                                    , E251      , Floor: SL110-철근콘크리트구조 바닥_PRS2_THK150                                                                                      , Floor: SL110-철근콘크리트구조 바닥_PRS2_THK150                                                                                      , Floor: SL110-철근콘크리트구조 바닥_PRS2_THK150
                          , Furniture             , PF581-대변기 칸막이                      , E714      , PF581-대변기 칸막이: PF581-대변기 칸막이(출입면) 970*1430*1900                                                                      , PF581-대변기 칸막이: PF581-대변기 칸막이(출입면) 970*1430*1900                                                                      , PF581-대변기 칸막이: PF581-대변기 칸막이(출입면) 970*1430*1900
IfcIfcBeam                , Structural Framing    , BM110-철근콘크리트구조 보                , E23       , BM110-철근콘크리트구조 보: BM110-철근 콘크리트구조 보_B1-1G5_500 x 850                                                              , BM110-철근콘크리트구조 보: BM110-철근 콘크리트구조 보_B1-1G5_500 x 850                                                              , BM110-철근콘크리트구조 보: BM110-철근 콘크리트구조 보_B1-1G5_500 x 850
                          , Structural Framing    , BM110-철근콘크리트구조 보                , E23       , BM110-철근콘크리트구조 보: BM110-철근 콘크리트구조 보_2-10G9_500 x 400                                                              , BM110-철근콘크리트구조 보: BM110-철근 콘크리트구조 보_2-10G9_500 x 400                                                              , BM110-철근콘크리트구조 보: BM110-철근 콘크리트구조 보_2-10G9_500 x 400
IfcIfcWall                , Walls                 , Basic Wall                               , E24       , Basic Wall: WA110-철근콘크리트구조 벽_BW1_T400                                                                                      , Basic Wall: WA110-철근콘크리트구조 벽_BW1_T400                                                                                      , Basic Wall: WA110-철근콘크리트구조 벽_BW1_T400
IfcIfcCovering            , Ceilings              , Compound Ceiling                         , E36       , Compound Ceiling: A1-44-11A-경량철골천장틀+무기질천장재-11                                                                          , Compound Ceiling: A1-44-11A-경량철골천장틀+무기질천장재-11                                                                          , Compound Ceiling: A1-44-11A-경량철골천장틀+무기질천장재-11
                          , Structural Columns    , CL111-철근콘크리트구조 기둥 (각형)       , E22       , CL111-철근콘크리트구조 기둥 (각형): CL111-철근콘크리트구조 기둥 (각형)_2-7C2_800x800                                                , CL111-철근콘크리트구조 기둥 (각형): CL111-철근콘크리트구조 기둥 (각형)_2-7C2_800x800                                                , CL111-철근콘크리트구조 기둥 (각형): CL111-철근콘크리트구조 기둥 (각형)_2-7C2_800x800
                          , Furniture             , PF531-거울                               , E71320    , PF531-거울: PF531-거울 600x800                                                                                                      , PF531-거울: PF531-거울 600x800                                                                                                      , PF531-거울: PF531-거울 600x800
IfcIfcBeam                , Structural Framing    , BM110-철근콘크리트구조 보                , E23       , BM110-철근콘크리트구조 보: BM110-철근 콘크리트구조 보_B1B3_400 x 800                                                                , BM110-철근콘크리트구조 보: BM110-철근 콘크리트구조 보_B1B3_400 x 800                                                                , BM110-철근콘크리트구조 보: BM110-철근 콘크리트구조 보_B1B3_400 x 800
                          , Structural Framing    , BM110-철근콘크리트구조 보                , E23       , BM110-철근콘크리트구조 보: BM110-철근 콘크리트구조 보_2-10G4_400 x 400                                                              , BM110-철근콘크리트구조 보: BM110-철근 콘크리트구조 보_2-10G4_400 x 400                                                              , BM110-철근콘크리트구조 보: BM110-철근 콘크리트구조 보_2-10G4_400 x 400
IfcIfcBeam                , Structural Framing    , BM110-철근콘크리트구조 보                , E23       , BM110-철근콘크리트구조 보: BM110-철근 콘크리트구조 보_RG9_500 x 500                                                                 , BM110-철근콘크리트구조 보: BM110-철근 콘크리트구조 보_RG9_500 x 500                                                                 , BM110-철근콘크리트구조 보: BM110-철근 콘크리트구조 보_RG9_500 x 500
                          , Structural Framing    , BM110-철근콘크리트구조 보                , E23       , BM110-철근콘크리트구조 보: BM110-철근 콘크리트구조 보_2-10G8_400 x 400                                                              , BM110-철근콘크리트구조 보: BM110-철근 콘크리트구조 보_2-10G8_400 x 400                                                              , BM110-철근콘크리트구조 보: BM110-철근 콘크리트구조 보_2-10G8_400 x 400
IfcIfcWallStandardCase    , Walls                 , Basic Wall                               , E24       , "Basic Wall: WA730-DRY WALL(C50, GS12.5mm) (2겹양면, GW50mm) 100mm"                                                                 , "Basic Wall: WA730-DRY WALL(C50, GS12.5mm) (2겹양면, GW50mm) 100mm"                                                                 , "Basic Wall: WA730-DRY WALL(C50, GS12.5mm) (2겹양면, GW50mm) 100mm"
                          , Generic Models        , SE251-기본주차                           , E77       , SE251-기본주차: SE251-기본주차 확장형                                                                                               , SE251-기본주차: SE251-기본주차 확장형                                                                                               , SE251-기본주차: SE251-기본주차 확장형
                          , Structural Framing    , BM110-철근콘크리트구조 보                , E23       , BM110-철근콘크리트구조 보: BM110-철근 콘크리트구조 보_B1-1G1_400 x 850                                                              , BM110-철근콘크리트구조 보: BM110-철근 콘크리트구조 보_B1-1G1_400 x 850                                                              , BM110-철근콘크리트구조 보: BM110-철근 콘크리트구조 보_B1-1G1_400 x 850
                          , Floors                , Floor                                    , E25       , "Floor: A1-12-13B-시멘트 액체방수(2차), 와이어매쉬(#8 150x150), 무근콘크리트, 시멘트모르타르(고름용), 우레탄페인트 (160mm)"         , "Floor: A1-12-13B-시멘트 액체방수(2차), 와이어매쉬(#8 150x150), 무근콘크리트, 시멘트모르타르(고름용), 우레탄페인트 (160mm)"         , "Floor: A1-12-13B-시멘트 액체방수(2차), 와이어매쉬(#8 150x150), 무근콘크리트, 시멘트모르타르(고름용), 우레탄페인트 (160mm)"
IfcIfcBeam                , Structural Framing    , BM110-철근콘크리트구조 보                , E23       , BM110-철근콘크리트구조 보: BM110-철근 콘크리트구조 보_RG4_400 x 500                                                                 , BM110-철근콘크리트구조 보: BM110-철근 콘크리트구조 보_RG4_400 x 500                                                                 , BM110-철근콘크리트구조 보: BM110-철근 콘크리트구조 보_RG4_400 x 500
IfcIfcSlab                , Floors                , Floor                                    , E25       , Floor: A1-15-01B-화강석(물갈기) (80mm)                                                                                              , Floor: A1-15-01B-화강석(물갈기) (80mm)                                                                                              , Floor: A1-15-01B-화강석(물갈기) (80mm)
                          , Furniture             , FN114-소파테이블(각형)                   , E81       , FN114-소파테이블(각형): FN114-소파테이블(각형) 800x800                                                                              , FN114-소파테이블(각형): FN114-소파테이블(각형) 800x800                                                                              , FN114-소파테이블(각형): FN114-소파테이블(각형) 800x800
                          , Doors                 , DR872-샤프트 점검구(스테인리스 스틸)     , E331      , DR872-샤프트 점검구(스테인리스 스틸): DR872-샤프트 점검구(스테인리스 스틸)_SD4_650*600                                              , DR872-샤프트 점검구(스테인리스 스틸): DR872-샤프트 점검구(스테인리스 스틸)_SD4_650*600                                              , DR872-샤프트 점검구(스테인리스 스틸): DR872-샤프트 점검구(스테인리스 스틸)_SD4_650*600
                          , Structural Framing    , BM110-철근콘크리트구조 보                , E23       , BM110-철근콘크리트구조 보: BM110-철근 콘크리트구조 보_B1-1G4_400 x 850                                                              , BM110-철근콘크리트구조 보: BM110-철근 콘크리트구조 보_B1-1G4_400 x 850                                                              , BM110-철근콘크리트구조 보: BM110-철근 콘크리트구조 보_B1-1G4_400 x 850
                          , Structural Framing    , BM110-철근콘크리트구조 보                , E23       , BM110-철근콘크리트구조 보: BM110-철근 콘크리트구조 보_2-10G5_500 x 400                                                              , BM110-철근콘크리트구조 보: BM110-철근 콘크리트구조 보_2-10G5_500 x 400                                                              , BM110-철근콘크리트구조 보: BM110-철근 콘크리트구조 보_2-10G5_500 x 400
IfcIfcWallStandardCase    , Walls                 , Basic Wall                               , E24       , Basic Wall: WA110-철근콘크리트구조 벽_DW1_T600                                                                                      , Basic Wall: WA110-철근콘크리트구조 벽_DW1_T600                                                                                      , Basic Wall: WA110-철근콘크리트구조 벽_DW1_T600
                          , Structural Framing    , BM120-철골구조 보                        , E23       , BM120-철골구조 보: BM120-철골구조 H형강(H-100x100) 보_SG11_H-100x100x8x6                                                            , BM120-철골구조 보: BM120-철골구조 H형강(H-100x100) 보_SG11_H-100x100x8x6                                                            , BM120-철골구조 보: BM120-철골구조 H형강(H-100x100) 보_SG11_H-100x100x8x6
IfcIfcFurnishingElement   , Furniture             , PF581-대변기 칸막이                      , E714      , PF581-대변기 칸막이: PF581-대변기 칸막이(오른쪽) 1300*900*1900                                                                      , PF581-대변기 칸막이: PF581-대변기 칸막이(오른쪽) 1300*900*1900                                                                      , PF581-대변기 칸막이: PF581-대변기 칸막이(오른쪽) 1300*900*1900
                          , Structural Framing    , BM110-철근콘크리트구조 보                , E23       , BM110-철근콘크리트구조 보: BM110-철근 콘크리트구조 보_RG5_500 x 500                                                                 , BM110-철근콘크리트구조 보: BM110-철근 콘크리트구조 보_RG5_500 x 500                                                                 , BM110-철근콘크리트구조 보: BM110-철근 콘크리트구조 보_RG5_500 x 500
                          , Structural Framing    , BM110-철근콘크리트구조 보                , E23       , BM110-철근콘크리트구조 보: BM110-철근 콘크리트구조 보_2-10G10_400 x 400                                                             , BM110-철근콘크리트구조 보: BM110-철근 콘크리트구조 보_2-10G10_400 x 400                                                             , BM110-철근콘크리트구조 보: BM110-철근 콘크리트구조 보_2-10G10_400 x 400
IfcIfcBeam                , Structural Framing    , BM110-철근콘크리트구조 보                , E23       , BM110-철근콘크리트구조 보: BM110-철근 콘크리트구조 보_2-10WG1_400 x 400                                                             , BM110-철근콘크리트구조 보: BM110-철근 콘크리트구조 보_2-10WG1_400 x 400                                                             , BM110-철근콘크리트구조 보: BM110-철근 콘크리트구조 보_2-10WG1_400 x 400
IfcIfcFurnishingElement   , Furniture             , PF581-대변기 칸막이                      , E714      , PF581-대변기 칸막이: PF581-대변기 칸막이(출입면) 1300*900*2400                                                                      , PF581-대변기 칸막이: PF581-대변기 칸막이(출입면) 1300*900*2400                                                                      , PF581-대변기 칸막이: PF581-대변기 칸막이(출입면) 1300*900*2400
                          , Structural Framing    , BM110-철근콘크리트구조 보                , E23       , BM110-철근콘크리트구조 보: BM110-철근 콘크리트구조 보_1B5_400 x 800                                                                 , BM110-철근콘크리트구조 보: BM110-철근 콘크리트구조 보_1B5_400 x 800                                                                 , BM110-철근콘크리트구조 보: BM110-철근 콘크리트구조 보_1B5_400 x 800
                          , Structural Framing    , BM110-철근콘크리트구조 보                , E23       , BM110-철근콘크리트구조 보: BM110-철근 콘크리트구조 보_2-10G6_400 x 400                                                              , BM110-철근콘크리트구조 보: BM110-철근 콘크리트구조 보_2-10G6_400 x 400                                                              , BM110-철근콘크리트구조 보: BM110-철근 콘크리트구조 보_2-10G6_400 x 400
IfcIfcWallStandardCase    , Walls                 , Basic Wall                               , E24       , Basic Wall: WA110-철근콘크리트구조 벽_BT1_T200                                                                                      , Basic Wall: WA110-철근콘크리트구조 벽_BT1_T200                                                                                      , Basic Wall: WA110-철근콘크리트구조 벽_BT1_T200
IfcIfcFurnishingElement   , Furniture             , PF581-대변기 칸막이                      , E714      , PF581-대변기 칸막이: PF581-대변기 칸막이(왼쪽) 970*1430*2400                                                                        , PF581-대변기 칸막이: PF581-대변기 칸막이(왼쪽) 970*1430*2400                                                                        , PF581-대변기 칸막이: PF581-대변기 칸막이(왼쪽) 970*1430*2400
                          , Walls                 , Basic Wall                               , E24       , Basic Wall: WA110-철근콘크리트구조 벽_W1_T200                                                                                       , Basic Wall: WA110-철근콘크리트구조 벽_W1_T200                                                                                       , Basic Wall: WA110-철근콘크리트구조 벽_W1_T200
IfcIfcBeam                , Structural Framing    , BM110-철근콘크리트구조 보                , E23       , BM110-철근콘크리트구조 보: BM110-철근 콘크리트구조 보_1B7_800 x 800                                                                 , BM110-철근콘크리트구조 보: BM110-철근 콘크리트구조 보_1B7_800 x 800                                                                 , BM110-철근콘크리트구조 보: BM110-철근 콘크리트구조 보_1B7_800 x 800
IfcIfcBeam                , Structural Framing    , BM120-철골구조 보                        , E23       , BM120-철골구조 보: BM120-철골구조 H형강(H-100x100) 보_SG11_H-100x100x8x6                                                            , BM120-철골구조 보: BM120-철골구조 H형강(H-100x100) 보_SG11_H-100x100x8x6                                                            , BM120-철골구조 보: BM120-철골구조 H형강(H-100x100) 보_SG11_H-100x100x8x6
IfcIfcSlab                , Floors                , Floor                                    , E251      , Floor: SL110-철근콘크리트구조 바닥_B1S6_THK200                                                                                      , Floor: SL110-철근콘크리트구조 바닥_B1S6_THK200                                                                                      , Floor: SL110-철근콘크리트구조 바닥_B1S6_THK200
                          , Walls                 , Basic Wall                               , E24       , Basic Wall: WA110-철근콘크리트구조 벽_BW2_T400                                                                                      , Basic Wall: WA110-철근콘크리트구조 벽_BW2_T400                                                                                      , Basic Wall: WA110-철근콘크리트구조 벽_BW2_T400
                          , Structural Framing    , BM110-철근콘크리트구조 보                , E23       , BM110-철근콘크리트구조 보: BM110-철근 콘크리트구조 보_RAWG1_600 x 600                                                               , BM110-철근콘크리트구조 보: BM110-철근 콘크리트구조 보_RAWG1_600 x 600                                                               , BM110-철근콘크리트구조 보: BM110-철근 콘크리트구조 보_RAWG1_600 x 600
                          , Structural Framing    , BM110-철근콘크리트구조 보                , E23       , BM110-철근콘크리트구조 보: BM110-철근 콘크리트구조 보_B1B4_400 x 600                                                                , BM110-철근콘크리트구조 보: BM110-철근 콘크리트구조 보_B1B4_400 x 600                                                                , BM110-철근콘크리트구조 보: BM110-철근 콘크리트구조 보_B1B4_400 x 600
IfcIfcFurnishingElement   , Furniture             , FN111-로비의자 원형                      , E81       , FN111-로비의자 원형: FN111-로비의자 원형 테블릿 4인용 2300x500x610                                                                  , FN111-로비의자 원형: FN111-로비의자 원형 테블릿 4인용 2300x500x610                                                                  , FN111-로비의자 원형: FN111-로비의자 원형 테블릿 4인용 2300x500x610
IfcIfcWall                , Walls                 , Basic Wall                               , E24       , Basic Wall: WA110-철근콘크리트구조 벽_W2_T200                                                                                       , Basic Wall: WA110-철근콘크리트구조 벽_W2_T200                                                                                       , Basic Wall: WA110-철근콘크리트구조 벽_W2_T200
                          , Structural Framing    , BM110-철근콘크리트구조 보                , E23       , BM110-철근콘크리트구조 보: BM110-철근 콘크리트구조 보_2-10G3_400 x 400                                                              , BM110-철근콘크리트구조 보: BM110-철근 콘크리트구조 보_2-10G3_400 x 400                                                              , BM110-철근콘크리트구조 보: BM110-철근 콘크리트구조 보_2-10G3_400 x 400
IfcIfcBeam                , Structural Framing    , BM110-철근콘크리트구조 보                , E23       , BM110-철근콘크리트구조 보: BM110-철근 콘크리트구조 보_B1-1G1_400 x 850                                                              , BM110-철근콘크리트구조 보: BM110-철근 콘크리트구조 보_B1-1G1_400 x 850                                                              , BM110-철근콘크리트구조 보: BM110-철근 콘크리트구조 보_B1-1G1_400 x 850
                          , Floors                , Floor                                    , E25       , "Floor: A1-12-06A-알칼리방지용방수, 시멘트모르타르(보호용), 자동수평 모르타르, 우레탄페인트 (40mm)"                                 , "Floor: A1-12-06A-알칼리방지용방수, 시멘트모르타르(보호용), 자동수평 모르타르, 우레탄페인트 (40mm)"                                 , "Floor: A1-12-06A-알칼리방지용방수, 시멘트모르타르(보호용), 자동수평 모르타르, 우레탄페인트 (40mm)"
IfcIfcFurnishingElement   , Furniture             , FN322-사무용 책상 세트 1인(아크릴) Type 1, E81       , FN322-사무용 책상 세트 1인(아크릴) Type 1: FN322-사무용 책상 세트 1인(아크릴) Type 1 1444x1500x1220                                 , FN322-사무용 책상 세트 1인(아크릴) Type 1: FN322-사무용 책상 세트 1인(아크릴) Type 1 1444x1500x1220                                 , FN322-사무용 책상 세트 1인(아크릴) Type 1: FN322-사무용 책상 세트 1인(아크릴) Type 1 1444x1500x1220
IfcIfcSlab                , Floors                , Floor                                    , E25       , "Floor: A1-15-09B-쇠흙손마감, 침투성방수(2차), 시멘트모르타르(보호용), 와이어매쉬(#8 150x150), 무근콘크리트, 대리석(물갈기) (200mm)", "Floor: A1-15-09B-쇠흙손마감, 침투성방수(2차), 시멘트모르타르(보호용), 와이어매쉬(#8 150x150), 무근콘크리트, 대리석(물갈기) (200mm)", "Floor: A1-15-09B-쇠흙손마감, 침투성방수(2차), 시멘트모르타르(보호용), 와이어매쉬(#8 150x150), 무근콘크리트, 대리석(물갈기) (200mm)"
                          , Ceilings              , Compound Ceiling                         , E36       , Compound Ceiling: A1-44-11A-경량철골천장틀+무기질천장재-11                                                                          , Compound Ceiling: A1-44-11A-경량철골천장틀+무기질천장재-11                                                                          , Compound Ceiling: A1-44-11A-경량철골천장틀+무기질천장재-11
                          , Structural Framing    , BM110-철근콘크리트구조 보                , E23       , BM110-철근콘크리트구조 보: BM110-철근 콘크리트구조 보_1B6_300 x 800                                                                 , BM110-철근콘크리트구조 보: BM110-철근 콘크리트구조 보_1B6_300 x 800                                                                 , BM110-철근콘크리트구조 보: BM110-철근 콘크리트구조 보_1B6_300 x 800
IfcIfcFurnishingElement   , Furniture             , PF582-소변기 칸막이                      , E714      , PF582-소변기 칸막이: PF582-소변기 칸막이                                                                                            , PF582-소변기 칸막이: PF582-소변기 칸막이                                                                                            , PF582-소변기 칸막이: PF582-소변기 칸막이
IfcIfcPlate               , Curtain Panels        , CW300-THK24.Low-e coating glass          , E336      , CW300-THK24.Low-e coating glass: CW300-THK24.Low-e coating glass                                                                    , CW300-THK24.Low-e coating glass: CW300-THK24.Low-e coating glass                                                                    , CW300-THK24.Low-e coating glass: CW300-THK24.Low-e coating glass
IfcIfcBeam                , Structural Framing    , BM110-철근콘크리트구조 보                , E23       , BM110-철근콘크리트구조 보: BM110-철근 콘크리트구조 보_2-10G9_500 x 400                                                              , BM110-철근콘크리트구조 보: BM110-철근 콘크리트구조 보_2-10G9_500 x 400                                                              , BM110-철근콘크리트구조 보: BM110-철근 콘크리트구조 보_2-10G9_500 x 400
                          , Structural Columns    , CL111-철근콘크리트구조 기둥 (각형)       , E22       , CL111-철근콘크리트구조 기둥 (각형): CL111-철근콘크리트구조 기둥 (각형)_B2-7C3_800x800                                               , CL111-철근콘크리트구조 기둥 (각형): CL111-철근콘크리트구조 기둥 (각형)_B2-7C3_800x800                                               , CL111-철근콘크리트구조 기둥 (각형): CL111-철근콘크리트구조 기둥 (각형)_B2-7C3_800x800
                          , Structural Framing    , BM110-철근콘크리트구조 보                , E23       , BM110-철근콘크리트구조 보: BM110-철근 콘크리트구조 보_RG7_400 x 500                                                                 , BM110-철근콘크리트구조 보: BM110-철근 콘크리트구조 보_RG7_400 x 500                                                                 , BM110-철근콘크리트구조 보: BM110-철근 콘크리트구조 보_RG7_400 x 500
                          , Floors                , Floor                                    , E251      , Floor: SL110-철근콘크리트구조 바닥_PRS2_THK150                                                                                      , Floor: SL110-철근콘크리트구조 바닥_PRS2_THK150                                                                                      , Floor: SL110-철근콘크리트구조 바닥_PRS2_THK150
                          , Furniture             , FN122-회의 테이블 세트(6인)              , E81       , FN122-회의 테이블 세트(6인): FN122-회의 테이블 세트(6인) 5200x3400                                                                  , FN122-회의 테이블 세트(6인): FN122-회의 테이블 세트(6인) 5200x3400                                                                  , FN122-회의 테이블 세트(6인): FN122-회의 테이블 세트(6인) 5200x3400
IfcIfcBeam                , Structural Framing    , BM110-철근콘크리트구조 보                , E23       , BM110-철근콘크리트구조 보: BM110-철근 콘크리트구조 보_RWG2_400 x 500                                                                , BM110-철근콘크리트구조 보: BM110-철근 콘크리트구조 보_RWG2_400 x 500                                                                , BM110-철근콘크리트구조 보: BM110-철근 콘크리트구조 보_RWG2_400 x 500
IfcIfcBeam                , Structural Framing    , BM110-철근콘크리트구조 보                , E23       , BM110-철근콘크리트구조 보: BM110-철근 콘크리트구조 보_2-10B2_400 x 400                                                              , BM110-철근콘크리트구조 보: BM110-철근 콘크리트구조 보_2-10B2_400 x 400                                                              , BM110-철근콘크리트구조 보: BM110-철근 콘크리트구조 보_2-10B2_400 x 400
IfcIfcSlab                , Floors                , Floor                                    , E25       , "Floor: A1-12-13B-시멘트 액체방수(2차), 와이어매쉬(#8 150x150), 무근콘크리트, 시멘트모르타르(고름용), 우레탄페인트 (160mm)"         , "Floor: A1-12-13B-시멘트 액체방수(2차), 와이어매쉬(#8 150x150), 무근콘크리트, 시멘트모르타르(고름용), 우레탄페인트 (160mm)"         , "Floor: A1-12-13B-시멘트 액체방수(2차), 와이어매쉬(#8 150x150), 무근콘크리트, 시멘트모르타르(고름용), 우레탄페인트 (160mm)"
                          , Structural Framing    , BM110-철근콘크리트구조 보                , E23       , BM110-철근콘크리트구조 보: BM110-철근 콘크리트구조 보_RG1_400 x 500                                                                 , BM110-철근콘크리트구조 보: BM110-철근 콘크리트구조 보_RG1_400 x 500                                                                 , BM110-철근콘크리트구조 보: BM110-철근 콘크리트구조 보_RG1_400 x 500
IfcIfcBeam                , Structural Framing    , BM110-철근콘크리트구조 보                , E23       , BM110-철근콘크리트구조 보: BM110-철근 콘크리트구조 보_2-10G4_400 x 400                                                              , BM110-철근콘크리트구조 보: BM110-철근 콘크리트구조 보_2-10G4_400 x 400                                                              , BM110-철근콘크리트구조 보: BM110-철근 콘크리트구조 보_2-10G4_400 x 400
                          , Structural Columns    , CL111-철근콘크리트구조 기둥 (각형)       , E22       , CL111-철근콘크리트구조 기둥 (각형): CL111-철근콘크리트구조 기둥 (각형)_B2-B1C13_1020x400                                            , CL111-철근콘크리트구조 기둥 (각형): CL111-철근콘크리트구조 기둥 (각형)_B2-B1C13_1020x400                                            , CL111-철근콘크리트구조 기둥 (각형): CL111-철근콘크리트구조 기둥 (각형)_B2-B1C13_1020x400
IfcIfcBeam                , Structural Framing    , BM110-철근콘크리트구조 보                , E23       , BM110-철근콘크리트구조 보: BM110-철근 콘크리트구조 보_2-10G10_400 x 400                                                             , BM110-철근콘크리트구조 보: BM110-철근 콘크리트구조 보_2-10G10_400 x 400                                                             , BM110-철근콘크리트구조 보: BM110-철근 콘크리트구조 보_2-10G10_400 x 400
IfcIfcFurnishingElement   , Furniture             , PF581-대변기 칸막이                      , E714      , PF581-대변기 칸막이: PF581-대변기 칸막이(오른쪽) 1300*950*1900                                                                      , PF581-대변기 칸막이: PF581-대변기 칸막이(오른쪽) 1300*950*1900                                                                      , PF581-대변기 칸막이: PF581-대변기 칸막이(오른쪽) 1300*950*1900
IfcIfcBeam                , Structural Framing    , BM110-철근콘크리트구조 보                , E23       , BM110-철근콘크리트구조 보: BM110-철근 콘크리트구조 보_2-10G7_400 x 400                                                              , BM110-철근콘크리트구조 보: BM110-철근 콘크리트구조 보_2-10G7_400 x 400                                                              , BM110-철근콘크리트구조 보: BM110-철근 콘크리트구조 보_2-10G7_400 x 400
IfcIfcWallStandardCase    , Walls                 , Basic Wall                               , E24       , Basic Wall: WA110-철근콘크리트구조 벽_BW2_T400                                                                                      , Basic Wall: WA110-철근콘크리트구조 벽_BW2_T400                                                                                      , Basic Wall: WA110-철근콘크리트구조 벽_BW2_T400
                          , Walls                 , Basic Wall                               , E24       , Basic Wall: WA110-철근콘크리트구조 벽_BW5_T500                                                                                      , Basic Wall: WA110-철근콘크리트구조 벽_BW5_T500                                                                                      , Basic Wall: WA110-철근콘크리트구조 벽_BW5_T500
                          , Generic Models        , SE251-기본주차                           , E77       , SE251-기본주차: SE251-기본주차 일반형                                                                                               , SE251-기본주차: SE251-기본주차 일반형                                                                                               , SE251-기본주차: SE251-기본주차 일반형
IfcIfcBeam                , Structural Framing    , BM110-철근콘크리트구조 보                , E23       , BM110-철근콘크리트구조 보: BM110-철근 콘크리트구조 보_B1B4_400 x 600                                                                , BM110-철근콘크리트구조 보: BM110-철근 콘크리트구조 보_B1B4_400 x 600                                                                , BM110-철근콘크리트구조 보: BM110-철근 콘크리트구조 보_B1B4_400 x 600
                          , Structural Framing    , BM110-철근콘크리트구조 보                , E23       , BM110-철근콘크리트구조 보: BM110-철근 콘크리트구조 보_2-10B3_400 x 400                                                              , BM110-철근콘크리트구조 보: BM110-철근 콘크리트구조 보_2-10B3_400 x 400                                                              , BM110-철근콘크리트구조 보: BM110-철근 콘크리트구조 보_2-10B3_400 x 400
                          , Structural Columns    , CL111-철근콘크리트구조 기둥 (각형)       , E22       , CL111-철근콘크리트구조 기둥 (각형): CL111-철근콘크리트구조 기둥 (각형)_8-10C3_700x700                                               , CL111-철근콘크리트구조 기둥 (각형): CL111-철근콘크리트구조 기둥 (각형)_8-10C3_700x700                                               , CL111-철근콘크리트구조 기둥 (각형): CL111-철근콘크리트구조 기둥 (각형)_8-10C3_700x700
                          , Floors                , Floor                                    , E251      , Floor: SL110-철근콘크리트구조 바닥_1S11_THK200                                                                                      , Floor: SL110-철근콘크리트구조 바닥_1S11_THK200                                                                                      , Floor: SL110-철근콘크리트구조 바닥_1S11_THK200
                          , Furniture             , FN122-업무용 책상(L형)                   , E81       , FN122-업무용 책상(L형): FN122-업무용 책상(L형) 1800x1200 우형                                                                       , FN122-업무용 책상(L형): FN122-업무용 책상(L형) 1800x1200 우형                                                                       , FN122-업무용 책상(L형): FN122-업무용 책상(L형) 1800x1200 우형
                          , Structural Framing    , BM110-철근콘크리트구조 보                , E23       , BM110-철근콘크리트구조 보: BM110-철근 콘크리트구조 보_RWG1_400 x 500                                                                , BM110-철근콘크리트구조 보: BM110-철근 콘크리트구조 보_RWG1_400 x 500                                                                , BM110-철근콘크리트구조 보: BM110-철근 콘크리트구조 보_RWG1_400 x 500
                          , Structural Framing    , BM110-철근콘크리트구조 보                , E23       , BM110-철근콘크리트구조 보: BM110-철근 콘크리트구조 보_B1-1B2_400 x 800                                                              , BM110-철근콘크리트구조 보: BM110-철근 콘크리트구조 보_B1-1B2_400 x 800                                                              , BM110-철근콘크리트구조 보: BM110-철근 콘크리트구조 보_B1-1B2_400 x 800
IfcIfcSlab                , Floors                , Floor                                    , E251      , Floor: SL110-철근콘크리트구조 바닥_B1S4_THK200                                                                                      , Floor: SL110-철근콘크리트구조 바닥_B1S4_THK200                                                                                      , Floor: SL110-철근콘크리트구조 바닥_B1S4_THK200
IfcIfcBeam                , Structural Framing    , BM110-철근콘크리트구조 보                , E23       , BM110-철근콘크리트구조 보: BM110-철근 콘크리트구조 보_B1-1G4_400 x 850                                                              , BM110-철근콘크리트구조 보: BM110-철근 콘크리트구조 보_B1-1G4_400 x 850                                                              , BM110-철근콘크리트구조 보: BM110-철근 콘크리트구조 보_B1-1G4_400 x 850
IfcIfcBeam                , Structural Framing    , BM110-철근콘크리트구조 보                , E23       , BM110-철근콘크리트구조 보: BM110-철근 콘크리트구조 보_2-10G5_500 x 400                                                              , BM110-철근콘크리트구조 보: BM110-철근 콘크리트구조 보_2-10G5_500 x 400                                                              , BM110-철근콘크리트구조 보: BM110-철근 콘크리트구조 보_2-10G5_500 x 400
IfcIfcFurnishingElement   , Furniture             , PF581-대변기 칸막이                      , E714      , PF581-대변기 칸막이: PF581-대변기 칸막이(왼쪽) 970*1430*1900                                                                        , PF581-대변기 칸막이: PF581-대변기 칸막이(왼쪽) 970*1430*1900                                                                        , PF581-대변기 칸막이: PF581-대변기 칸막이(왼쪽) 970*1430*1900
IfcIfcSlab                , Floors                , Floor                                    , E251      , Floor: SL110-철근콘크리트구조 바닥_2-10S1_THK150                                                                                    , Floor: SL110-철근콘크리트구조 바닥_2-10S1_THK150                                                                                    , Floor: SL110-철근콘크리트구조 바닥_2-10S1_THK150
                          , Furniture             , PF581-대변기 칸막이                      , E714      , PF581-대변기 칸막이: PF581-대변기 칸막이(출입면) 1300*900*1900                                                                      , PF581-대변기 칸막이: PF581-대변기 칸막이(출입면) 1300*900*1900                                                                      , PF581-대변기 칸막이: PF581-대변기 칸막이(출입면) 1300*900*1900
                          , Structural Framing    , BM110-철근콘크리트구조 보                , E23       , BM110-철근콘크리트구조 보: BM110-철근 콘크리트구조 보_RB5_400 x 500                                                                 , BM110-철근콘크리트구조 보: BM110-철근 콘크리트구조 보_RB5_400 x 500                                                                 , BM110-철근콘크리트구조 보: BM110-철근 콘크리트구조 보_RB5_400 x 500
IfcIfcSlab                , Floors                , Floor                                    , E251      , Floor: SL110-철근콘크리트구조 바닥_RS3_THK150                                                                                       , Floor: SL110-철근콘크리트구조 바닥_RS3_THK150                                                                                       , Floor: SL110-철근콘크리트구조 바닥_RS3_THK150
                          , Floors                , Floor                                    , E251      , Floor: SL110-철근콘크리트구조 바닥_1S12_THK200                                                                                      , Floor: SL110-철근콘크리트구조 바닥_1S12_THK200                                                                                      , Floor: SL110-철근콘크리트구조 바닥_1S12_THK200
                          , Walls                 , Basic Wall                               , E24       , "Basic Wall: A1-32-07A-콘크리트면정리, 바닥방수연장, 시멘트모르타르(미장용), 수성페인트(내부) (24mm)"                               , "Basic Wall: A1-32-07A-콘크리트면정리, 바닥방수연장, 시멘트모르타르(미장용), 수성페인트(내부) (24mm)"                               , "Basic Wall: A1-32-07A-콘크리트면정리, 바닥방수연장, 시멘트모르타르(미장용), 수성페인트(내부) (24mm)"
IfcIfcSlab                , Floors                , Floor                                    , E251      , Floor: SL110-철근콘크리트구조 바닥_RS4_THK150                                                                                       , Floor: SL110-철근콘크리트구조 바닥_RS4_THK150                                                                                       , Floor: SL110-철근콘크리트구조 바닥_RS4_THK150
IfcIfcSlab                , Floors                , Floor                                    , E251      , Floor: SL110-철근콘크리트구조 바닥_PRS1_THK150                                                                                      , Floor: SL110-철근콘크리트구조 바닥_PRS1_THK150                                                                                      , Floor: SL110-철근콘크리트구조 바닥_PRS1_THK150
IfcIfcColumn              , Structural Columns    , CL111-철근콘크리트구조 기둥 (각형)       , E22       , CL111-철근콘크리트구조 기둥 (각형): CL111-철근콘크리트구조 기둥 (각형)_RC5_300x300                                                  , CL111-철근콘크리트구조 기둥 (각형): CL111-철근콘크리트구조 기둥 (각형)_RC5_300x300                                                  , CL111-철근콘크리트구조 기둥 (각형): CL111-철근콘크리트구조 기둥 (각형)_RC5_300x300
                          , Structural Columns    , CL111-철근콘크리트구조 기둥 (각형)       , E22       , CL111-철근콘크리트구조 기둥 (각형): CL111-철근콘크리트구조 기둥 (각형)_RC5_300x300                                                  , CL111-철근콘크리트구조 기둥 (각형): CL111-철근콘크리트구조 기둥 (각형)_RC5_300x300                                                  , CL111-철근콘크리트구조 기둥 (각형): CL111-철근콘크리트구조 기둥 (각형)_RC5_300x300
IfcIfcBeam                , Structural Framing    , BM110-철근콘크리트구조 보                , E23       , BM110-철근콘크리트구조 보: BM110-철근 콘크리트구조 보_1G7(역보)_400 x 500                                                           , BM110-철근콘크리트구조 보: BM110-철근 콘크리트구조 보_1G7(역보)_400 x 500                                                           , BM110-철근콘크리트구조 보: BM110-철근 콘크리트구조 보_1G7(역보)_400 x 500
IfcIfcSlab                , Floors                , Floor                                    , E251      , Floor: SL110-철근콘크리트구조 바닥_1S11_THK200                                                                                      , Floor: SL110-철근콘크리트구조 바닥_1S11_THK200                                                                                      , Floor: SL110-철근콘크리트구조 바닥_1S11_THK200
IfcIfcWallStandardCase    , Walls                 , Basic Wall                               , E24       , "Basic Wall: A1-32-06A-콘크리트면정리, 시멘트모르타르(미장용), 수성페인트(내부) (18mm)"                                             , "Basic Wall: A1-32-06A-콘크리트면정리, 시멘트모르타르(미장용), 수성페인트(내부) (18mm)"                                             , "Basic Wall: A1-32-06A-콘크리트면정리, 시멘트모르타르(미장용), 수성페인트(내부) (18mm)"
                          , Furniture             , PF591-대변기용 장애인 손잡이(상하가동식) , E713      , PF591-대변기용 장애인 손잡이(상하가동식): PF591-대변기용 장애인 손잡이(상하가동식)                                                  , PF591-대변기용 장애인 손잡이(상하가동식): PF591-대변기용 장애인 손잡이(상하가동식)                                                  , PF591-대변기용 장애인 손잡이(상하가동식): PF591-대변기용 장애인 손잡이(상하가동식)
IfcIfcWallStandardCase    , Walls                 , Basic Wall                               , E24       , Basic Wall: WA110-철근콘크리트구조 벽_BW5_T500                                                                                      , Basic Wall: WA110-철근콘크리트구조 벽_BW5_T500                                                                                      , Basic Wall: WA110-철근콘크리트구조 벽_BW5_T500
IfcIfcWallStandardCase    , Walls                 , Basic Wall                               , E24       , Basic Wall: WA110-철근콘크리트구조 벽_CW3_T200                                                                                      , Basic Wall: WA110-철근콘크리트구조 벽_CW3_T200                                                                                      , Basic Wall: WA110-철근콘크리트구조 벽_CW3_T200
                          , Floors                , Floor                                    , E25       , Floor: A1-14-06B-테라조타일 (80mm)                                                                                                  , Floor: A1-14-06B-테라조타일 (80mm)                                                                                                  , Floor: A1-14-06B-테라조타일 (80mm)
IfcIfcBeam                , Structural Framing    , BM110-철근콘크리트구조 보                , E23       , BM110-철근콘크리트구조 보: BM110-철근 콘크리트구조 보_2-10G3_400 x 400                                                              , BM110-철근콘크리트구조 보: BM110-철근 콘크리트구조 보_2-10G3_400 x 400                                                              , BM110-철근콘크리트구조 보: BM110-철근 콘크리트구조 보_2-10G3_400 x 400
                          , Floors                , Floor                                    , E251      , Floor: SL110-철근콘크리트구조 바닥_1S4_THK200                                                                                       , Floor: SL110-철근콘크리트구조 바닥_1S4_THK200                                                                                       , Floor: SL110-철근콘크리트구조 바닥_1S4_THK200
IfcIfcSlab                , Floors                , Floor                                    , E251      , Floor: SL110-철근콘크리트구조 바닥_2-10S3_THK150                                                                                    , Floor: SL110-철근콘크리트구조 바닥_2-10S3_THK150                                                                                    , Floor: SL110-철근콘크리트구조 바닥_2-10S3_THK150
                          , Floors                , Floor                                    , E25       , Floor: SL440-목재블록 바닥                                                                                                          , Floor: SL440-목재블록 바닥                                                                                                          , Floor: SL440-목재블록 바닥
IfcIfcWall                , Walls                 , Basic Wall                               , E24       , "Basic Wall: A1-33-01B-시멘트 모르타르, 도기질타일 (30mm)"                                                                          , "Basic Wall: A1-33-01B-시멘트 모르타르, 도기질타일 (30mm)"                                                                          , "Basic Wall: A1-33-01B-시멘트 모르타르, 도기질타일 (30mm)"
                          , Floors                , Floor                                    , E251      , Floor: SL110-철근콘크리트구조 바닥_RS2_THK150                                                                                       , Floor: SL110-철근콘크리트구조 바닥_RS2_THK150                                                                                       , Floor: SL110-철근콘크리트구조 바닥_RS2_THK150
IfcIfcBeam                , Structural Framing    , BM110-철근콘크리트구조 보                , E23       , BM110-철근콘크리트구조 보: BM110-철근 콘크리트구조 보_B1-1B1_400 x 850                                                              , BM110-철근콘크리트구조 보: BM110-철근 콘크리트구조 보_B1-1B1_400 x 850                                                              , BM110-철근콘크리트구조 보: BM110-철근 콘크리트구조 보_B1-1B1_400 x 850
IfcIfcWallStandardCase    , Walls                 , Basic Wall                               , E24       , Basic Wall: WA310-화강석 벽                                                                                                         , Basic Wall: WA310-화강석 벽                                                                                                         , Basic Wall: WA310-화강석 벽
IfcIfcFurnishingElement   , Furniture             , PF531-거울                               , E71320    , PF531-거울: PF531-거울 600x800                                                                                                      , PF531-거울: PF531-거울 600x800                                                                                                      , PF531-거울: PF531-거울 600x800
                          , Structural Framing    , BM110-철근콘크리트구조 보                , E23       , BM110-철근콘크리트구조 보: BM110-철근 콘크리트구조 보_2-10G12_600 x 400                                                             , BM110-철근콘크리트구조 보: BM110-철근 콘크리트구조 보_2-10G12_600 x 400                                                             , BM110-철근콘크리트구조 보: BM110-철근 콘크리트구조 보_2-10G12_600 x 400
IfcIfcColumn              , Structural Columns    , CL111-철근콘크리트구조 기둥 (각형)       , E22       , CL111-철근콘크리트구조 기둥 (각형): CL111-철근콘크리트구조 기둥 (각형)_B2-B1C11_500x500                                             , CL111-철근콘크리트구조 기둥 (각형): CL111-철근콘크리트구조 기둥 (각형)_B2-B1C11_500x500                                             , CL111-철근콘크리트구조 기둥 (각형): CL111-철근콘크리트구조 기둥 (각형)_B2-B1C11_500x500
IfcIfcFurnishingElement   , Furniture             , PF591-대변기용 장애인 손잡이(T자 고정식) , E713      , PF591-대변기용 장애인 손잡이(T자 고정식): PF591-대변기용 장애인 손잡이(T자 고정식)                                                  , PF591-대변기용 장애인 손잡이(T자 고정식): PF591-대변기용 장애인 손잡이(T자 고정식)                                                  , PF591-대변기용 장애인 손잡이(T자 고정식): PF591-대변기용 장애인 손잡이(T자 고정식)
IfcIfcWall                , Walls                 , Basic Wall                               , E24       , Basic Wall: WA110-철근콘크리트구조 벽_BW3_T500                                                                                      , Basic Wall: WA110-철근콘크리트구조 벽_BW3_T500                                                                                      , Basic Wall: WA110-철근콘크리트구조 벽_BW3_T500
                          , Floors                , Floor                                    , E25       , "Floor: A1-14-03A-시멘트모르타르(고름용), 도막방수, 시멘트모르타르(보호용), 자기질타일 (90mm)"                                      , "Floor: A1-14-03A-시멘트모르타르(고름용), 도막방수, 시멘트모르타르(보호용), 자기질타일 (90mm)"                                      , "Floor: A1-14-03A-시멘트모르타르(고름용), 도막방수, 시멘트모르타르(보호용), 자기질타일 (90mm)"
IfcIfcSlab                , Floors                , Floor                                    , E25       , "Floor: A1-12-09B-쇠흙손마감, 와이어매쉬(#8 150x150), 무근콘크리트, 에폭시페인트 (100mm)"                                           , "Floor: A1-12-09B-쇠흙손마감, 와이어매쉬(#8 150x150), 무근콘크리트, 에폭시페인트 (100mm)"                                           , "Floor: A1-12-09B-쇠흙손마감, 와이어매쉬(#8 150x150), 무근콘크리트, 에폭시페인트 (100mm)"
                          , Furniture             , PF581-대변기 칸막이                      , E714      , PF581-대변기 칸막이: PF581-대변기 칸막이(출입면) 1300*900*2400                                                                      , PF581-대변기 칸막이: PF581-대변기 칸막이(출입면) 1300*900*2400                                                                      , PF581-대변기 칸막이: PF581-대변기 칸막이(출입면) 1300*900*2400
                          , Walls                 , Basic Wall                               , E24       , "Basic Wall: A1-32-06A-콘크리트면정리, 시멘트모르타르(미장용), 수성페인트(내부) (18mm)"                                             , "Basic Wall: A1-32-06A-콘크리트면정리, 시멘트모르타르(미장용), 수성페인트(내부) (18mm)"                                             , "Basic Wall: A1-32-06A-콘크리트면정리, 시멘트모르타르(미장용), 수성페인트(내부) (18mm)"
IfcIfcFurnishingElement   , Furniture             , FN122-업무용 책상(L형)                   , E81       , FN122-업무용 책상(L형): FN122-업무용 책상(L형) 1400x1200 좌형                                                                       , FN122-업무용 책상(L형): FN122-업무용 책상(L형) 1400x1200 좌형                                                                       , FN122-업무용 책상(L형): FN122-업무용 책상(L형) 1400x1200 좌형
IfcIfcWindow              , Windows               , WD730-그릴창                             , E334      , WD730-그릴창: WD730-그릴창_알루미늄바_ST1_THK100                                                                                    , WD730-그릴창: WD730-그릴창_알루미늄바_ST1_THK100                                                                                    , WD730-그릴창: WD730-그릴창_알루미늄바_ST1_THK100
                          , Generic Models        , SE251-기본주차                           , E77       , SE251-기본주차: SE251-기본주차 장애인전용                                                                                           , SE251-기본주차: SE251-기본주차 장애인전용                                                                                           , SE251-기본주차: SE251-기본주차 장애인전용
IfcIfcBeam                , Structural Framing    , BM110-철근콘크리트구조 보                , E23       , BM110-철근콘크리트구조 보: BM110-철근 콘크리트구조 보_RG1_400 x 500                                                                 , BM110-철근콘크리트구조 보: BM110-철근 콘크리트구조 보_RG1_400 x 500                                                                 , BM110-철근콘크리트구조 보: BM110-철근 콘크리트구조 보_RG1_400 x 500
                          , Structural Framing    , BM110-철근콘크리트구조 보                , E23       , BM110-철근콘크리트구조 보: BM110-철근 콘크리트구조 보_1B7_800 x 800                                                                 , BM110-철근콘크리트구조 보: BM110-철근 콘크리트구조 보_1B7_800 x 800                                                                 , BM110-철근콘크리트구조 보: BM110-철근 콘크리트구조 보_1B7_800 x 800
                          , Structural Columns    , CL111-철근콘크리트구조 기둥 (각형)       , E22       , CL111-철근콘크리트구조 기둥 (각형): CL111-철근콘크리트구조 기둥 (각형)_B2-4C1_800x800                                               , CL111-철근콘크리트구조 기둥 (각형): CL111-철근콘크리트구조 기둥 (각형)_B2-4C1_800x800                                               , CL111-철근콘크리트구조 기둥 (각형): CL111-철근콘크리트구조 기둥 (각형)_B2-4C1_800x800
IfcIfcBeam                , Structural Framing    , BM110-철근콘크리트구조 보                , E23       , BM110-철근콘크리트구조 보: BM110-철근 콘크리트구조 보_RG2_400 x 500                                                                 , BM110-철근콘크리트구조 보: BM110-철근 콘크리트구조 보_RG2_400 x 500                                                                 , BM110-철근콘크리트구조 보: BM110-철근 콘크리트구조 보_RG2_400 x 500
IfcIfcBeam                , Structural Framing    , BM110-철근콘크리트구조 보                , E23       , BM110-철근콘크리트구조 보: BM110-철근 콘크리트구조 보_B1-1WG1_400 x 850                                                             , BM110-철근콘크리트구조 보: BM110-철근 콘크리트구조 보_B1-1WG1_400 x 850                                                             , BM110-철근콘크리트구조 보: BM110-철근 콘크리트구조 보_B1-1WG1_400 x 850
                          , Floors                , Floor                                    , E251      , Floor: SL110-철근콘크리트구조 바닥_2-10S1_THK150                                                                                    , Floor: SL110-철근콘크리트구조 바닥_2-10S1_THK150                                                                                    , Floor: SL110-철근콘크리트구조 바닥_2-10S1_THK150
IfcIfcBuildingElementProxy, Generic Models        , SE251-장애인 표시                        , E77       , SE251-장애인 표시: SE251-장애인 표시                                                                                                , SE251-장애인 표시: SE251-장애인 표시                                                                                                , SE251-장애인 표시: SE251-장애인 표시
                          , Walls                 , Basic Wall                               , E24       , "Basic Wall: A2-26-01A-압출스치로품, 금속 긴결철물, 금속외장패널 (150mm)"                                                           , "Basic Wall: A2-26-01A-압출스치로품, 금속 긴결철물, 금속외장패널 (150mm)"                                                           , "Basic Wall: A2-26-01A-압출스치로품, 금속 긴결철물, 금속외장패널 (150mm)"
IfcIfcFlowTerminal        , Plumbing Fixtures     , PF123-유아용 서양식 변기                 , E71210    , PF123-유아용 서양식 변기: PF123-유아용 서양식 변기                                                                                  , PF123-유아용 서양식 변기: PF123-유아용 서양식 변기                                                                                  , PF123-유아용 서양식 변기: PF123-유아용 서양식 변기
IfcIfcSlab                , Floors                , Floor                                    , E251      , Floor: SL110-철근콘크리트구조 바닥_B2-1S2_THK150                                                                                    , Floor: SL110-철근콘크리트구조 바닥_B2-1S2_THK150                                                                                    , Floor: SL110-철근콘크리트구조 바닥_B2-1S2_THK150
IfcIfcWallStandardCase    , Walls                 , Basic Wall                               , E24       , Basic Wall: WA110-철근콘크리트구조 벽_W1_T200                                                                                       , Basic Wall: WA110-철근콘크리트구조 벽_W1_T200                                                                                       , Basic Wall: WA110-철근콘크리트구조 벽_W1_T200
                          , Generic Models        , PF583-장애인 칸막이                      , E714      , PF583-장애인 칸막이: PF583-장애인 칸막이                                                                                            , PF583-장애인 칸막이: PF583-장애인 칸막이                                                                                            , PF583-장애인 칸막이: PF583-장애인 칸막이
IfcIfcFurnishingElement   , Furniture             , FN114-소파테이블(각형)                   , E81       , FN114-소파테이블(각형): FN114-소파테이블(각형) 1200x600                                                                             , FN114-소파테이블(각형): FN114-소파테이블(각형) 1200x600                                                                             , FN114-소파테이블(각형): FN114-소파테이블(각형) 1200x600
IfcIfcBeam                , Structural Framing    , BM110-철근콘크리트구조 보                , E23       , BM110-철근콘크리트구조 보: BM110-철근 콘크리트구조 보_2-10B3_400 x 400                                                              , BM110-철근콘크리트구조 보: BM110-철근 콘크리트구조 보_2-10B3_400 x 400                                                              , BM110-철근콘크리트구조 보: BM110-철근 콘크리트구조 보_2-10B3_400 x 400
IfcIfcFurnishingElement   , Furniture             , PF581-대변기 칸막이                      , E714      , PF581-대변기 칸막이: PF581-대변기 칸막이(출입면) 970*1430*1900                                                                      , PF581-대변기 칸막이: PF581-대변기 칸막이(출입면) 970*1430*1900                                                                      , PF581-대변기 칸막이: PF581-대변기 칸막이(출입면) 970*1430*1900
IfcIfcWallStandardCase    , Walls                 , Basic Wall                               , E24       , Basic Wall: WA110-철근콘크리트구조 벽_CW1_T200                                                                                      , Basic Wall: WA110-철근콘크리트구조 벽_CW1_T200                                                                                      , Basic Wall: WA110-철근콘크리트구조 벽_CW1_T200
IfcIfcSlab                , Floors                , Floor                                    , E25       , "Floor: A1-12-06A-알칼리방지용방수, 시멘트모르타르(보호용), 자동수평 모르타르, 우레탄페인트 (40mm)"                                 , "Floor: A1-12-06A-알칼리방지용방수, 시멘트모르타르(보호용), 자동수평 모르타르, 우레탄페인트 (40mm)"                                 , "Floor: A1-12-06A-알칼리방지용방수, 시멘트모르타르(보호용), 자동수평 모르타르, 우레탄페인트 (40mm)"
IfcIfcSlab                , Floors                , Floor                                    , E251      , Floor: SL110-철근콘크리트구조 바닥_1S13_THK200                                                                                      , Floor: SL110-철근콘크리트구조 바닥_1S13_THK200                                                                                      , Floor: SL110-철근콘크리트구조 바닥_1S13_THK200
                          , Walls                 , Basic Wall                               , E24       , Basic Wall: WA110-철근콘크리트구조 벽_BW2_T500                                                                                      , Basic Wall: WA110-철근콘크리트구조 벽_BW2_T500                                                                                      , Basic Wall: WA110-철근콘크리트구조 벽_BW2_T500
                          , Walls                 , Basic Wall                               , E24       , Basic Wall: WA110-철근콘크리트구조 벽_CW3_T200                                                                                      , Basic Wall: WA110-철근콘크리트구조 벽_CW3_T200                                                                                      , Basic Wall: WA110-철근콘크리트구조 벽_CW3_T200
                          , Doors                 , "DR121-쌍여닫이문(철재, 방화문)"         , E333      , "DR121-쌍여닫이문(철재, 방화문): DR121-쌍여닫이문(철재, 방화문) 1800x2100mm_FSD2"                                                   , "DR121-쌍여닫이문(철재, 방화문): DR121-쌍여닫이문(철재, 방화문) 1800x2100mm_FSD2"                                                   , "DR121-쌍여닫이문(철재, 방화문): DR121-쌍여닫이문(철재, 방화문) 1800x2100mm_FSD2"
IfcIfcWallStandardCase    , Walls                 , Basic Wall                               , E24       , Basic Wall: WA110-철근콘크리트구조 벽_BW1_T500                                                                                      , Basic Wall: WA110-철근콘크리트구조 벽_BW1_T500                                                                                      , Basic Wall: WA110-철근콘크리트구조 벽_BW1_T500
IfcIfcBeam                , Structural Framing    , BM110-철근콘크리트구조 보                , E23       , BM110-철근콘크리트구조 보: BM110-철근 콘크리트구조 보_RB5_400 x 500                                                                 , BM110-철근콘크리트구조 보: BM110-철근 콘크리트구조 보_RB5_400 x 500                                                                 , BM110-철근콘크리트구조 보: BM110-철근 콘크리트구조 보_RB5_400 x 500
                          , Structural Framing    , BM110-철근콘크리트구조 보                , E23       , BM110-철근콘크리트구조 보: BM110-철근 콘크리트구조 보_RG3_400 x 500                                                                 , BM110-철근콘크리트구조 보: BM110-철근 콘크리트구조 보_RG3_400 x 500                                                                 , BM110-철근콘크리트구조 보: BM110-철근 콘크리트구조 보_RG3_400 x 500
IfcIfcBeam                , Structural Framing    , BM110-철근콘크리트구조 보                , E23       , BM110-철근콘크리트구조 보: BM110-철근 콘크리트구조 보_1B3_400 x 600                                                                 , BM110-철근콘크리트구조 보: BM110-철근 콘크리트구조 보_1B3_400 x 600                                                                 , BM110-철근콘크리트구조 보: BM110-철근 콘크리트구조 보_1B3_400 x 600
                          , Walls                 , Basic Wall                               , E24       , Basic Wall: WA310-화강석 벽                                                                                                         , Basic Wall: WA310-화강석 벽                                                                                                         , Basic Wall: WA310-화강석 벽
IfcIfcSlab                , Floors                , Floor                                    , E251      , Floor: SL110-철근콘크리트구조 바닥_2-10S2_THK150                                                                                    , Floor: SL110-철근콘크리트구조 바닥_2-10S2_THK150                                                                                    , Floor: SL110-철근콘크리트구조 바닥_2-10S2_THK150
                          , Furniture             , PF582-소변기 칸막이                      , E714      , PF582-소변기 칸막이: PF582-소변기 칸막이                                                                                            , PF582-소변기 칸막이: PF582-소변기 칸막이                                                                                            , PF582-소변기 칸막이: PF582-소변기 칸막이
IfcIfcWallStandardCase    , Walls                 , Basic Wall                               , E24       , Basic Wall: WA110-철근콘크리트구조 벽_W3_T125                                                                                       , Basic Wall: WA110-철근콘크리트구조 벽_W3_T125                                                                                       , Basic Wall: WA110-철근콘크리트구조 벽_W3_T125
                          , Walls                 , Basic Wall                               , E24       , Basic Wall: WA110-철근콘크리트구조 벽_CW1_T200                                                                                      , Basic Wall: WA110-철근콘크리트구조 벽_CW1_T200                                                                                      , Basic Wall: WA110-철근콘크리트구조 벽_CW1_T200
IfcIfcBuildingElementProxy, Generic Models        , PF583-장애인 칸막이                      , E714      , PF583-장애인 칸막이: PF583-장애인 칸막이                                                                                            , PF583-장애인 칸막이: PF583-장애인 칸막이                                                                                            , PF583-장애인 칸막이: PF583-장애인 칸막이
IfcIfcBeam                , Structural Framing    , BM110-철근콘크리트구조 보                , E23       , BM110-철근콘크리트구조 보: BM110-철근 콘크리트구조 보_RG8_400 x 500                                                                 , BM110-철근콘크리트구조 보: BM110-철근 콘크리트구조 보_RG8_400 x 500                                                                 , BM110-철근콘크리트구조 보: BM110-철근 콘크리트구조 보_RG8_400 x 500
                          , Structural Framing    , BM110-철근콘크리트구조 보                , E23       , BM110-철근콘크리트구조 보: BM110-철근 콘크리트구조 보_RG10_500 x 500                                                                , BM110-철근콘크리트구조 보: BM110-철근 콘크리트구조 보_RG10_500 x 500                                                                , BM110-철근콘크리트구조 보: BM110-철근 콘크리트구조 보_RG10_500 x 500
                          , Floors                , Floor                                    , E251      , Floor: SL110-철근콘크리트구조 바닥_RS1_THK150                                                                                       , Floor: SL110-철근콘크리트구조 바닥_RS1_THK150                                                                                       , Floor: SL110-철근콘크리트구조 바닥_RS1_THK150
                          , Plumbing Fixtures     , PF127-서양식 탱크일체형                  , E71210    , PF127-서양식 탱크일체형: PF127-서양식 탱크일체형                                                                                    , PF127-서양식 탱크일체형: PF127-서양식 탱크일체형                                                                                    , PF127-서양식 탱크일체형: PF127-서양식 탱크일체형
                          , Structural Framing    , BM110-철근콘크리트구조 보                , E23       , BM110-철근콘크리트구조 보: BM110-철근 콘크리트구조 보_2-10B5_400 x 400                                                              , BM110-철근콘크리트구조 보: BM110-철근 콘크리트구조 보_2-10B5_400 x 400                                                              , BM110-철근콘크리트구조 보: BM110-철근 콘크리트구조 보_2-10B5_400 x 400
                          , Walls                 , Basic Wall                               , E24       , Basic Wall: WA110-철근콘크리트구조 벽_BW1_T500                                                                                      , Basic Wall: WA110-철근콘크리트구조 벽_BW1_T500                                                                                      , Basic Wall: WA110-철근콘크리트구조 벽_BW1_T500
IfcIfcWallStandardCase    , Walls                 , Basic Wall                               , E24       , Basic Wall: WA110-철근콘크리트구조 벽_BW1_T400                                                                                      , Basic Wall: WA110-철근콘크리트구조 벽_BW1_T400                                                                                      , Basic Wall: WA110-철근콘크리트구조 벽_BW1_T400
IfcIfcPlate               , Curtain Panels        , CW410-프로젝트 창                        , E336      , CW410-프로젝트 창: CW410-프로젝트 창 (하부개폐)                                                                                     , CW410-프로젝트 창: CW410-프로젝트 창 (하부개폐)                                                                                     , CW410-프로젝트 창: CW410-프로젝트 창 (하부개폐)
IfcIfcBuildingElementProxy, Generic Models        , SE251-기본주차                           , E77       , SE251-기본주차: SE251-기본주차 장애인전용                                                                                           , SE251-기본주차: SE251-기본주차 장애인전용                                                                                           , SE251-기본주차: SE251-기본주차 장애인전용
IfcIfcWallStandardCase    , Walls                 , Basic Wall                               , E24       , Basic Wall: WA110-철근콘크리트구조 벽_RaW1_T300                                                                                     , Basic Wall: WA110-철근콘크리트구조 벽_RaW1_T300                                                                                     , Basic Wall: WA110-철근콘크리트구조 벽_RaW1_T300
                          , Walls                 , Basic Wall                               , E24       , Basic Wall: WA110-철근콘크리트구조 벽_W3_T125                                                                                       , Basic Wall: WA110-철근콘크리트구조 벽_W3_T125                                                                                       , Basic Wall: WA110-철근콘크리트구조 벽_W3_T125
IfcIfcWall                , Walls                 , Basic Wall                               , E24       , "Basic Wall: A2-22-02A-압출스치로품, BRACKET(STEEL), ALC블록 (150mm)"                                                               , "Basic Wall: A2-22-02A-압출스치로품, BRACKET(STEEL), ALC블록 (150mm)"                                                               , "Basic Wall: A2-22-02A-압출스치로품, BRACKET(STEEL), ALC블록 (150mm)"
                          , Furniture             , PF581-대변기 칸막이                      , E714      , PF581-대변기 칸막이: PF581-대변기 칸막이(오른쪽) 1300*900*1900                                                                      , PF581-대변기 칸막이: PF581-대변기 칸막이(오른쪽) 1300*900*1900                                                                      , PF581-대변기 칸막이: PF581-대변기 칸막이(오른쪽) 1300*900*1900
IfcIfcBeam                , Structural Framing    , BM110-철근콘크리트구조 보                , E23       , BM110-철근콘크리트구조 보: BM110-철근 콘크리트구조 보_2-10B1_400 x 400                                                              , BM110-철근콘크리트구조 보: BM110-철근 콘크리트구조 보_2-10B1_400 x 400                                                              , BM110-철근콘크리트구조 보: BM110-철근 콘크리트구조 보_2-10B1_400 x 400
IfcIfcBeam                , Structural Framing    , BM110-철근콘크리트구조 보                , E23       , BM110-철근콘크리트구조 보: BM110-철근 콘크리트구조 보_2-10B4_400 x 400                                                              , BM110-철근콘크리트구조 보: BM110-철근 콘크리트구조 보_2-10B4_400 x 400                                                              , BM110-철근콘크리트구조 보: BM110-철근 콘크리트구조 보_2-10B4_400 x 400
                          , Furniture             , FN111-바스툴 웨이브 고정형               , E81       , FN111-바스툴 웨이브 고정형: FN111-바스툴 웨이브 고정형 풋링 650x650x1000                                                            , FN111-바스툴 웨이브 고정형: FN111-바스툴 웨이브 고정형 풋링 650x650x1000                                                            , FN111-바스툴 웨이브 고정형: FN111-바스툴 웨이브 고정형 풋링 650x650x1000
                          , Structural Framing    , BM110-철근콘크리트구조 보                , E23       , BM110-철근콘크리트구조 보: BM110-철근 콘크리트구조 보_RG11_500 x 500                                                                , BM110-철근콘크리트구조 보: BM110-철근 콘크리트구조 보_RG11_500 x 500                                                                , BM110-철근콘크리트구조 보: BM110-철근 콘크리트구조 보_RG11_500 x 500
                          , Furniture             , FN111-로비의자 원형                      , E81       , FN111-로비의자 원형: FN111-로비의자 원형 테블릿 4인용 2300x500x610                                                                  , FN111-로비의자 원형: FN111-로비의자 원형 테블릿 4인용 2300x500x610                                                                  , FN111-로비의자 원형: FN111-로비의자 원형 테블릿 4인용 2300x500x610
                          , Walls                 , Basic Wall                               , E24       , Basic Wall: WA211-시멘트벽돌(일반) 벽 (0.5B) 90mm                                                                                   , Basic Wall: WA211-시멘트벽돌(일반) 벽 (0.5B) 90mm                                                                                   , Basic Wall: WA211-시멘트벽돌(일반) 벽 (0.5B) 90mm
IfcIfcFurnishingElement   , Furniture             , FN122-회의실 원형 테이블 세트 5인용      , E81       , FN122-회의실 원형 테이블 세트 5인용: FN122-회의실 원형 테이블 세트 5인용                                                            , FN122-회의실 원형 테이블 세트 5인용: FN122-회의실 원형 테이블 세트 5인용                                                            , FN122-회의실 원형 테이블 세트 5인용: FN122-회의실 원형 테이블 세트 5인용
IfcIfcSlab                , Floors                , Floor                                    , E251      , Floor: SL110-철근콘크리트구조 바닥_B2-1S1_THK150                                                                                    , Floor: SL110-철근콘크리트구조 바닥_B2-1S1_THK150                                                                                    , Floor: SL110-철근콘크리트구조 바닥_B2-1S1_THK150
                          , Floors                , Floor                                    , E251      , Floor: SL110-철근콘크리트구조 바닥_RS4_THK150                                                                                       , Floor: SL110-철근콘크리트구조 바닥_RS4_THK150                                                                                       , Floor: SL110-철근콘크리트구조 바닥_RS4_THK150
                          , Structural Framing    , BM110-철근콘크리트구조 보                , E23       , BM110-철근콘크리트구조 보: BM110-철근 콘크리트구조 보_1G7(역보)_400 x 500                                                           , BM110-철근콘크리트구조 보: BM110-철근 콘크리트구조 보_1G7(역보)_400 x 500                                                           , BM110-철근콘크리트구조 보: BM110-철근 콘크리트구조 보_1G7(역보)_400 x 500
                          , Structural Framing    , BM110-철근콘크리트구조 보                , E23       , BM110-철근콘크리트구조 보: BM110-철근 콘크리트구조 보_RG6_400 x 500                                                                 , BM110-철근콘크리트구조 보: BM110-철근 콘크리트구조 보_RG6_400 x 500                                                                 , BM110-철근콘크리트구조 보: BM110-철근 콘크리트구조 보_RG6_400 x 500
                          , Walls                 , Basic Wall                               , E24       , Basic Wall: WA110-철근콘크리트구조 벽_BW1_T400                                                                                      , Basic Wall: WA110-철근콘크리트구조 벽_BW1_T400                                                                                      , Basic Wall: WA110-철근콘크리트구조 벽_BW1_T400
IfcIfcColumn              , Structural Columns    , CL111-철근콘크리트구조 기둥 (각형)       , E22       , CL111-철근콘크리트구조 기둥 (각형): CL111-철근콘크리트구조 기둥 (각형)_B2-10C4_600x600                                              , CL111-철근콘크리트구조 기둥 (각형): CL111-철근콘크리트구조 기둥 (각형)_B2-10C4_600x600                                              , CL111-철근콘크리트구조 기둥 (각형): CL111-철근콘크리트구조 기둥 (각형)_B2-10C4_600x600
                          , Walls                 , Basic Wall                               , E24       , Basic Wall: WA110-철근콘크리트구조 벽_RaW1_T300                                                                                     , Basic Wall: WA110-철근콘크리트구조 벽_RaW1_T300                                                                                     , Basic Wall: WA110-철근콘크리트구조 벽_RaW1_T300
IfcIfcFurnishingElement   , Furniture             , PF591-대변기용 장애인 손잡이(상하가동식) , E713      , PF591-대변기용 장애인 손잡이(상하가동식): PF591-대변기용 장애인 손잡이(상하가동식)                                                  , PF591-대변기용 장애인 손잡이(상하가동식): PF591-대변기용 장애인 손잡이(상하가동식)                                                  , PF591-대변기용 장애인 손잡이(상하가동식): PF591-대변기용 장애인 손잡이(상하가동식)
IfcIfcSlab                , Floors                , Floor                                    , E251      , Floor: SL110-철근콘크리트구조 바닥_B2-1S3_THK150                                                                                    , Floor: SL110-철근콘크리트구조 바닥_B2-1S3_THK150                                                                                    , Floor: SL110-철근콘크리트구조 바닥_B2-1S3_THK150
                          , Ceilings              , Compound Ceiling                         , E36       , "Compound Ceiling: A1-46-01B-콘크리트면정리, 유리면 흡음판(그라스크로스) (50mm)"                                                    , "Compound Ceiling: A1-46-01B-콘크리트면정리, 유리면 흡음판(그라스크로스) (50mm)"                                                    , "Compound Ceiling: A1-46-01B-콘크리트면정리, 유리면 흡음판(그라스크로스) (50mm)"
                          , Plumbing Fixtures     , PF231-장애인용 소변기                    , E71215    , PF231-장애인용 소변기: PF231-장애인용 소변기                                                                                        , PF231-장애인용 소변기: PF231-장애인용 소변기                                                                                        , PF231-장애인용 소변기: PF231-장애인용 소변기
IfcIfcFurnishingElement   , Furniture             , FN113-소파(3인용)                        , E81       , FN113-소파(3인용): FN113-소파(3인용) 2100x950                                                                                       , FN113-소파(3인용): FN113-소파(3인용) 2100x950                                                                                       , FN113-소파(3인용): FN113-소파(3인용) 2100x950
                          , Furniture             , PF581-대변기 칸막이                      , E714      , PF581-대변기 칸막이: PF581-대변기 칸막이(출입면) 970*1430*2400                                                                      , PF581-대변기 칸막이: PF581-대변기 칸막이(출입면) 970*1430*2400                                                                      , PF581-대변기 칸막이: PF581-대변기 칸막이(출입면) 970*1430*2400
IfcIfcWall                , Walls                 , Basic Wall                               , E24       , Basic Wall: WA211-시멘트벽돌(일반) 벽 (0.5B) 90mm                                                                                   , Basic Wall: WA211-시멘트벽돌(일반) 벽 (0.5B) 90mm                                                                                   , Basic Wall: WA211-시멘트벽돌(일반) 벽 (0.5B) 90mm
                          , Structural Framing    , BM110-철근콘크리트구조 보                , E23       , BM110-철근콘크리트구조 보: BM110-철근 콘크리트구조 보_RG4_400 x 500                                                                 , BM110-철근콘크리트구조 보: BM110-철근 콘크리트구조 보_RG4_400 x 500                                                                 , BM110-철근콘크리트구조 보: BM110-철근 콘크리트구조 보_RG4_400 x 500
                          , Walls                 , Basic Wall                               , E24       , Basic Wall: WA110-철근콘크리트구조 벽_BW4_T500                                                                                      , Basic Wall: WA110-철근콘크리트구조 벽_BW4_T500                                                                                      , Basic Wall: WA110-철근콘크리트구조 벽_BW4_T500
IfcIfcMember              , Curtain Wall Mullions , 직사각형 멀리언                          , E336      , 직사각형 멀리언: CW200-직사각형 멀리언 60 x 100mm                                                                                   , 직사각형 멀리언: CW200-직사각형 멀리언 60 x 100mm                                                                                   , 직사각형 멀리언: CW200-직사각형 멀리언 60 x 100mm
IfcIfcFurnishingElement   , Furniture             , FN113-소파(2인용)                        , E81       , FN113-소파(2인용): FN113-소파(2인용) 1360x860                                                                                       , FN113-소파(2인용): FN113-소파(2인용) 1360x860                                                                                       , FN113-소파(2인용): FN113-소파(2인용) 1360x860
IfcIfcSlab                , Floors                , Floor                                    , E251      , Floor: SL110-철근콘크리트구조 바닥_1S12_THK200                                                                                      , Floor: SL110-철근콘크리트구조 바닥_1S12_THK200                                                                                      , Floor: SL110-철근콘크리트구조 바닥_1S12_THK200
                          , Furniture             , FN113-소파(2인용)                        , E81       , FN113-소파(2인용): FN113-소파(2인용) 1460x850                                                                                       , FN113-소파(2인용): FN113-소파(2인용) 1460x850                                                                                       , FN113-소파(2인용): FN113-소파(2인용) 1460x850
IfcIfcBeam                , Structural Framing    , BM110-철근콘크리트구조 보                , E23       , BM110-철근콘크리트구조 보: BM110-철근 콘크리트구조 보_RG3_400 x 500                                                                 , BM110-철근콘크리트구조 보: BM110-철근 콘크리트구조 보_RG3_400 x 500                                                                 , BM110-철근콘크리트구조 보: BM110-철근 콘크리트구조 보_RG3_400 x 500
                          , Structural Columns    , CL120-철골구조 기둥                      , E22       , CL120-철골구조 기둥: CL120-철골구조 H형강(H-200x200) 기둥_SC11_H-200x200x8x12                                                       , CL120-철골구조 기둥: CL120-철골구조 H형강(H-200x200) 기둥_SC11_H-200x200x8x12                                                       , CL120-철골구조 기둥: CL120-철골구조 H형강(H-200x200) 기둥_SC11_H-200x200x8x12
IfcIfcWallStandardCase    , Walls                 , Basic Wall                               , E24       , "Basic Wall: A1-32-07A-콘크리트면정리, 바닥방수연장, 시멘트모르타르(미장용), 수성페인트(내부) (24mm)"                               , "Basic Wall: A1-32-07A-콘크리트면정리, 바닥방수연장, 시멘트모르타르(미장용), 수성페인트(내부) (24mm)"                               , "Basic Wall: A1-32-07A-콘크리트면정리, 바닥방수연장, 시멘트모르타르(미장용), 수성페인트(내부) (24mm)"
IfcIfcWallStandardCase    , Walls                 , Basic Wall                               , E24       , Basic Wall: WA110-철근콘크리트구조 벽_CW2_T200                                                                                      , Basic Wall: WA110-철근콘크리트구조 벽_CW2_T200                                                                                      , Basic Wall: WA110-철근콘크리트구조 벽_CW2_T200
                          , Structural Framing    , BM110-철근콘크리트구조 보                , E23       , BM110-철근콘크리트구조 보: BM110-철근 콘크리트구조 보_RG8_400 x 500                                                                 , BM110-철근콘크리트구조 보: BM110-철근 콘크리트구조 보_RG8_400 x 500                                                                 , BM110-철근콘크리트구조 보: BM110-철근 콘크리트구조 보_RG8_400 x 500
IfcIfcBeam                , Structural Framing    , BM110-철근콘크리트구조 보                , E23       , BM110-철근콘크리트구조 보: BM110-철근 콘크리트구조 보_2-10G8_400 x 400                                                              , BM110-철근콘크리트구조 보: BM110-철근 콘크리트구조 보_2-10G8_400 x 400                                                              , BM110-철근콘크리트구조 보: BM110-철근 콘크리트구조 보_2-10G8_400 x 400
                          , Floors                , Floor                                    , E25       , Floor: A1-15-01B-화강석(물갈기) (80mm)                                                                                              , Floor: A1-15-01B-화강석(물갈기) (80mm)                                                                                              , Floor: A1-15-01B-화강석(물갈기) (80mm)
IfcIfcColumn              , Structural Columns    , CL111-철근콘크리트구조 기둥 (각형)       , E22       , CL111-철근콘크리트구조 기둥 (각형): CL111-철근콘크리트구조 기둥 (각형)_8-10C3_700x700                                               , CL111-철근콘크리트구조 기둥 (각형): CL111-철근콘크리트구조 기둥 (각형)_8-10C3_700x700                                               , CL111-철근콘크리트구조 기둥 (각형): CL111-철근콘크리트구조 기둥 (각형)_8-10C3_700x700
                          , Roofs                 , Basic Roof                               , E26       ,                                                                                                                                     ,                                                                                                                                     , 
IfcIfcBeam                , Structural Framing    , BM110-철근콘크리트구조 보                , E23       , BM110-철근콘크리트구조 보: BM110-철근 콘크리트구조 보_RG10_500 x 500                                                                , BM110-철근콘크리트구조 보: BM110-철근 콘크리트구조 보_RG10_500 x 500                                                                , BM110-철근콘크리트구조 보: BM110-철근 콘크리트구조 보_RG10_500 x 500
                          , Floors                , Floor                                    , E251      , Floor: SL110-철근콘크리트구조 바닥_B2-1S1_THK150                                                                                    , Floor: SL110-철근콘크리트구조 바닥_B2-1S1_THK150                                                                                    , Floor: SL110-철근콘크리트구조 바닥_B2-1S1_THK150
IfcIfcBeam                , Structural Framing    , BM110-철근콘크리트구조 보                , E23       , BM110-철근콘크리트구조 보: BM110-철근 콘크리트구조 보_2-10G12_600 x 400                                                             , BM110-철근콘크리트구조 보: BM110-철근 콘크리트구조 보_2-10G12_600 x 400                                                             , BM110-철근콘크리트구조 보: BM110-철근 콘크리트구조 보_2-10G12_600 x 400
IfcIfcSlab                , Floors                , Floor                                    , E251      , Floor: SL110-철근콘크리트구조 바닥_RS2_THK150                                                                                       , Floor: SL110-철근콘크리트구조 바닥_RS2_THK150                                                                                       , Floor: SL110-철근콘크리트구조 바닥_RS2_THK150
                          , Structural Framing    , BM110-철근콘크리트구조 보                , E23       , BM110-철근콘크리트구조 보: BM110-철근 콘크리트구조 보_B1-1G5_500 x 850                                                              , BM110-철근콘크리트구조 보: BM110-철근 콘크리트구조 보_B1-1G5_500 x 850                                                              , BM110-철근콘크리트구조 보: BM110-철근 콘크리트구조 보_B1-1G5_500 x 850
                          , Structural Framing    , BM114-꺾임 보                            , E23       , BM114-꺾임 보: BM114-꺾임 보_1WG2_400x600                                                                                           , BM114-꺾임 보: BM114-꺾임 보_1WG2_400x600                                                                                           , BM114-꺾임 보: BM114-꺾임 보_1WG2_400x600
                          , Generic Models        , SE251-기본주차                           , E77       , SE251-기본주차: SE251-기본주차 경형                                                                                                 , SE251-기본주차: SE251-기본주차 경형                                                                                                 , SE251-기본주차: SE251-기본주차 경형
                          , Walls                 , Basic Wall                               , E24       , Basic Wall: WA110-철근콘크리트구조 벽_BW4_T400                                                                                      , Basic Wall: WA110-철근콘크리트구조 벽_BW4_T400                                                                                      , Basic Wall: WA110-철근콘크리트구조 벽_BW4_T400
IfcIfcSlab                , Floors                , Floor                                    , E25       , "Floor: A1-14-03A-시멘트모르타르(고름용), 도막방수, 시멘트모르타르(보호용), 자기질타일 (90mm)"                                      , "Floor: A1-14-03A-시멘트모르타르(고름용), 도막방수, 시멘트모르타르(보호용), 자기질타일 (90mm)"                                      , "Floor: A1-14-03A-시멘트모르타르(고름용), 도막방수, 시멘트모르타르(보호용), 자기질타일 (90mm)"
                          , Structural Framing    , BM110-철근콘크리트구조 보                , E23       , BM110-철근콘크리트구조 보: BM110-철근 콘크리트구조 보_B1B3_400 x 800                                                                , BM110-철근콘크리트구조 보: BM110-철근 콘크리트구조 보_B1B3_400 x 800                                                                , BM110-철근콘크리트구조 보: BM110-철근 콘크리트구조 보_B1B3_400 x 800
                          , Furniture             , FN322-사무용 책상 세트 1인(아크릴) Type 1, E81       , FN322-사무용 책상 세트 1인(아크릴) Type 1: FN322-사무용 책상 세트 1인(아크릴) Type 1 1444x1500x1220                                 , FN322-사무용 책상 세트 1인(아크릴) Type 1: FN322-사무용 책상 세트 1인(아크릴) Type 1 1444x1500x1220                                 , FN322-사무용 책상 세트 1인(아크릴) Type 1: FN322-사무용 책상 세트 1인(아크릴) Type 1 1444x1500x1220
IfcIfcBeam                , Structural Framing    , BM110-철근콘크리트구조 보                , E23       , BM110-철근콘크리트구조 보: BM110-철근 콘크리트구조 보_1B5_400 x 800                                                                 , BM110-철근콘크리트구조 보: BM110-철근 콘크리트구조 보_1B5_400 x 800                                                                 , BM110-철근콘크리트구조 보: BM110-철근 콘크리트구조 보_1B5_400 x 800
IfcIfcWall                , Walls                 , Basic Wall                               , E24       , Basic Wall: WA110-철근콘크리트구조 벽_BW4_T500                                                                                      , Basic Wall: WA110-철근콘크리트구조 벽_BW4_T500                                                                                      , Basic Wall: WA110-철근콘크리트구조 벽_BW4_T500
                          , Structural Framing    , BM110-철근콘크리트구조 보                , E23       , BM110-철근콘크리트구조 보: BM110-철근 콘크리트구조 보_RG9_500 x 500                                                                 , BM110-철근콘크리트구조 보: BM110-철근 콘크리트구조 보_RG9_500 x 500                                                                 , BM110-철근콘크리트구조 보: BM110-철근 콘크리트구조 보_RG9_500 x 500
                          , Structural Framing    , BM110-철근콘크리트구조 보                , E23       , BM110-철근콘크리트구조 보: BM110-철근 콘크리트구조 보_2-10G11_500 x 400                                                             , BM110-철근콘크리트구조 보: BM110-철근 콘크리트구조 보_2-10G11_500 x 400                                                             , BM110-철근콘크리트구조 보: BM110-철근 콘크리트구조 보_2-10G11_500 x 400
                          , Structural Framing    , BM110-철근콘크리트구조 보                , E23       , BM110-철근콘크리트구조 보: BM110-철근 콘크리트구조 보_-1WG1_400 x 850                                                               , BM110-철근콘크리트구조 보: BM110-철근 콘크리트구조 보_-1WG1_400 x 850                                                               , BM110-철근콘크리트구조 보: BM110-철근 콘크리트구조 보_-1WG1_400 x 850
                          , Walls                 , Basic Wall                               , E24       , Basic Wall: WA110-철근콘크리트구조 벽_CW2_T200                                                                                      , Basic Wall: WA110-철근콘크리트구조 벽_CW2_T200                                                                                      , Basic Wall: WA110-철근콘크리트구조 벽_CW2_T200
                          , Furniture             , FN611-사각 등받이 조합소파               , E81       , FN611-사각 등받이 조합소파: FN611-사각 등받이 조합소파 TYPE-3 1500x645x723                                                          , FN611-사각 등받이 조합소파: FN611-사각 등받이 조합소파 TYPE-3 1500x645x723                                                          , FN611-사각 등받이 조합소파: FN611-사각 등받이 조합소파 TYPE-3 1500x645x723
IfcIfcBeam                , Structural Framing    , BM110-철근콘크리트구조 보                , E23       , BM110-철근콘크리트구조 보: BM110-철근 콘크리트구조 보_RG5_500 x 500                                                                 , BM110-철근콘크리트구조 보: BM110-철근 콘크리트구조 보_RG5_500 x 500                                                                 , BM110-철근콘크리트구조 보: BM110-철근 콘크리트구조 보_RG5_500 x 500
                          , Structural Framing    , BM110-철근콘크리트구조 보                , E23       , BM110-철근콘크리트구조 보: BM110-철근 콘크리트구조 보_B1-1G2_400 x 850                                                              , BM110-철근콘크리트구조 보: BM110-철근 콘크리트구조 보_B1-1G2_400 x 850                                                              , BM110-철근콘크리트구조 보: BM110-철근 콘크리트구조 보_B1-1G2_400 x 850
IfcIfcWallStandardCase    , Walls                 , Basic Wall                               , E24       , Basic Wall: WA110-철근콘크리트구조 벽_BW2_T500                                                                                      , Basic Wall: WA110-철근콘크리트구조 벽_BW2_T500                                                                                      , Basic Wall: WA110-철근콘크리트구조 벽_BW2_T500
                          , Structural Framing    , BM110-철근콘크리트구조 보                , E23       , BM110-철근콘크리트구조 보: BM110-철근 콘크리트구조 보_2-10G2_400 x 400                                                              , BM110-철근콘크리트구조 보: BM110-철근 콘크리트구조 보_2-10G2_400 x 400                                                              , BM110-철근콘크리트구조 보: BM110-철근 콘크리트구조 보_2-10G2_400 x 400
                          , Walls                 , Basic Wall                               , E24       , Basic Wall: WA110-철근콘크리트구조 벽_BW3_T500                                                                                      , Basic Wall: WA110-철근콘크리트구조 벽_BW3_T500                                                                                      , Basic Wall: WA110-철근콘크리트구조 벽_BW3_T500
                          , Plumbing Fixtures     , PF213-스톨형 소변기                      , E71215    , PF213-스톨형 소변기: PF213-스톨형 소변기                                                                                            , PF213-스톨형 소변기: PF213-스톨형 소변기                                                                                            , PF213-스톨형 소변기: PF213-스톨형 소변기
                          , Floors                , Floor                                    , E251      , Floor: SL110-철근콘크리트구조 바닥_B2-B1RaS1_THK300                                                                                 , Floor: SL110-철근콘크리트구조 바닥_B2-B1RaS1_THK300                                                                                 , Floor: SL110-철근콘크리트구조 바닥_B2-B1RaS1_THK300
IfcIfcBeam                , Structural Framing    , BM110-철근콘크리트구조 보                , E23       , BM110-철근콘크리트구조 보: BM110-철근 콘크리트구조 보_2-10G6_400 x 400                                                              , BM110-철근콘크리트구조 보: BM110-철근 콘크리트구조 보_2-10G6_400 x 400                                                              , BM110-철근콘크리트구조 보: BM110-철근 콘크리트구조 보_2-10G6_400 x 400
                          , Plumbing Fixtures     , PF411-평면붙임형 세면기                  , E71225    , PF411-평면붙임형 세면기: PF411-평면붙임형 세면기                                                                                    , PF411-평면붙임형 세면기: PF411-평면붙임형 세면기                                                                                    , PF411-평면붙임형 세면기: PF411-평면붙임형 세면기
IfcIfcBuildingElementProxy, Generic Models        , SE251-기본주차                           , E77       , SE251-기본주차: SE251-기본주차 확장형                                                                                               , SE251-기본주차: SE251-기본주차 확장형                                                                                               , SE251-기본주차: SE251-기본주차 확장형
                          , Furniture             , PF581-대변기 칸막이                      , E714      , PF581-대변기 칸막이: PF581-대변기 칸막이(왼쪽) 970*1430*1900                                                                        , PF581-대변기 칸막이: PF581-대변기 칸막이(왼쪽) 970*1430*1900                                                                        , PF581-대변기 칸막이: PF581-대변기 칸막이(왼쪽) 970*1430*1900
IfcIfcWallStandardCase    , Walls                 , Basic Wall                               , E24       , "Basic Wall: A2-26-01A-압출스치로품, 금속 긴결철물, 금속외장패널 (150mm)"                                                           , "Basic Wall: A2-26-01A-압출스치로품, 금속 긴결철물, 금속외장패널 (150mm)"                                                           , "Basic Wall: A2-26-01A-압출스치로품, 금속 긴결철물, 금속외장패널 (150mm)"
IfcIfcBeam                , Structural Framing    , BM110-철근콘크리트구조 보                , E23       , BM110-철근콘크리트구조 보: BM110-철근 콘크리트구조 보_RG6_400 x 500                                                                 , BM110-철근콘크리트구조 보: BM110-철근 콘크리트구조 보_RG6_400 x 500                                                                 , BM110-철근콘크리트구조 보: BM110-철근 콘크리트구조 보_RG6_400 x 500
IfcIfcFlowTerminal        , Plumbing Fixtures     , PF231-장애인용 소변기                    , E71215    , PF231-장애인용 소변기: PF231-장애인용 소변기                                                                                        , PF231-장애인용 소변기: PF231-장애인용 소변기                                                                                        , PF231-장애인용 소변기: PF231-장애인용 소변기
                          , Furniture             , PF581-대변기 칸막이                      , E714      , PF581-대변기 칸막이: PF581-대변기 칸막이(오른쪽) 1300*950*1900                                                                      , PF581-대변기 칸막이: PF581-대변기 칸막이(오른쪽) 1300*950*1900                                                                      , PF581-대변기 칸막이: PF581-대변기 칸막이(오른쪽) 1300*950*1900
IfcIfcFurnishingElement   , Furniture             , FN611-사각 등받이 조합소파               , E81       , FN611-사각 등받이 조합소파: FN611-사각 등받이 조합소파 TYPE-3 1500x645x723                                                          , FN611-사각 등받이 조합소파: FN611-사각 등받이 조합소파 TYPE-3 1500x645x723                                                          , FN611-사각 등받이 조합소파: FN611-사각 등받이 조합소파 TYPE-3 1500x645x723
IfcIfcBeam                , Structural Framing    , BM110-철근콘크리트구조 보                , E23       , BM110-철근콘크리트구조 보: BM110-철근 콘크리트구조 보_RB2_400 x 500                                                                 , BM110-철근콘크리트구조 보: BM110-철근 콘크리트구조 보_RB2_400 x 500                                                                 , BM110-철근콘크리트구조 보: BM110-철근 콘크리트구조 보_RB2_400 x 500
                          , Floors                , Floor                                    , E251      , Floor: SL110-철근콘크리트구조 바닥_B1S5_THK150                                                                                      , Floor: SL110-철근콘크리트구조 바닥_B1S5_THK150                                                                                      , Floor: SL110-철근콘크리트구조 바닥_B1S5_THK150
                          , Floors                , Floor                                    , E25       , "Floor: A1-15-09B-쇠흙손마감, 침투성방수(2차), 시멘트모르타르(보호용), 와이어매쉬(#8 150x150), 무근콘크리트, 대리석(물갈기) (200mm)", "Floor: A1-15-09B-쇠흙손마감, 침투성방수(2차), 시멘트모르타르(보호용), 와이어매쉬(#8 150x150), 무근콘크리트, 대리석(물갈기) (200mm)", "Floor: A1-15-09B-쇠흙손마감, 침투성방수(2차), 시멘트모르타르(보호용), 와이어매쉬(#8 150x150), 무근콘크리트, 대리석(물갈기) (200mm)"
                          , Walls                 , Basic Wall                               , E24       , Basic Wall: WA110-철근콘크리트구조 벽_BW3_T400                                                                                      , Basic Wall: WA110-철근콘크리트구조 벽_BW3_T400                                                                                      , Basic Wall: WA110-철근콘크리트구조 벽_BW3_T400
                          , Furniture             , PF581-대변기 칸막이                      , E714      , PF581-대변기 칸막이: PF581-대변기 칸막이(오른쪽) 1300*900*2400                                                                      , PF581-대변기 칸막이: PF581-대변기 칸막이(오른쪽) 1300*900*2400                                                                      , PF581-대변기 칸막이: PF581-대변기 칸막이(오른쪽) 1300*900*2400
IfcIfcColumn              , Structural Columns    , CL111-철근콘크리트구조 기둥 (각형)       , E22       , CL111-철근콘크리트구조 기둥 (각형): CL111-철근콘크리트구조 기둥 (각형)_8-10C2_700x700                                               , CL111-철근콘크리트구조 기둥 (각형): CL111-철근콘크리트구조 기둥 (각형)_8-10C2_700x700                                               , CL111-철근콘크리트구조 기둥 (각형): CL111-철근콘크리트구조 기둥 (각형)_8-10C2_700x700
IfcIfcFurnishingElement   , Furniture             , PF581-대변기 칸막이                      , E714      , PF581-대변기 칸막이: PF581-대변기 칸막이(오른쪽) 1300*950*2400                                                                      , PF581-대변기 칸막이: PF581-대변기 칸막이(오른쪽) 1300*950*2400                                                                      , PF581-대변기 칸막이: PF581-대변기 칸막이(오른쪽) 1300*950*2400
IfcIfcColumn              , Structural Columns    , CL111-철근콘크리트구조 기둥 (각형)       , E22       , CL111-철근콘크리트구조 기둥 (각형): CL111-철근콘크리트구조 기둥 (각형)_B2-B2C12_600x600                                             , CL111-철근콘크리트구조 기둥 (각형): CL111-철근콘크리트구조 기둥 (각형)_B2-B2C12_600x600                                             , CL111-철근콘크리트구조 기둥 (각형): CL111-철근콘크리트구조 기둥 (각형)_B2-B2C12_600x600
IfcIfcWallStandardCase    , Walls                 , Basic Wall                               , E24       , Basic Wall: WA110-철근콘크리트구조 벽_BW4_T400                                                                                      , Basic Wall: WA110-철근콘크리트구조 벽_BW4_T400                                                                                      , Basic Wall: WA110-철근콘크리트구조 벽_BW4_T400
IfcIfcFurnishingElement   , Furniture             , FN122-회의 테이블 세트(6인)              , E81       , FN122-회의 테이블 세트(6인): FN122-회의 테이블 세트(6인) 5200x3400                                                                  , FN122-회의 테이블 세트(6인): FN122-회의 테이블 세트(6인) 5200x3400                                                                  , FN122-회의 테이블 세트(6인): FN122-회의 테이블 세트(6인) 5200x3400
                          , Structural Framing    , BM110-철근콘크리트구조 보                , E23       , BM110-철근콘크리트구조 보: BM110-철근 콘크리트구조 보_2-10B1_400 x 400                                                              , BM110-철근콘크리트구조 보: BM110-철근 콘크리트구조 보_2-10B1_400 x 400                                                              , BM110-철근콘크리트구조 보: BM110-철근 콘크리트구조 보_2-10B1_400 x 400
                          , Structural Framing    , BM110-철근콘크리트구조 보                , E23       , BM110-철근콘크리트구조 보: BM110-철근 콘크리트구조 보_2-10G1_400 x 400                                                              , BM110-철근콘크리트구조 보: BM110-철근 콘크리트구조 보_2-10G1_400 x 400                                                              , BM110-철근콘크리트구조 보: BM110-철근 콘크리트구조 보_2-10G1_400 x 400
IfcIfcFurnishingElement   , Furniture             , FN113-소파(4인용)                        , E81       , FN113-소파(4인용): FN113-소파(4인용) 2900x950                                                                                       , FN113-소파(4인용): FN113-소파(4인용) 2900x950                                                                                       , FN113-소파(4인용): FN113-소파(4인용) 2900x950
IfcIfcBeam                , Structural Framing    , BM110-철근콘크리트구조 보                , E23       , BM110-철근콘크리트구조 보: BM110-철근 콘크리트구조 보_1B6_300 x 800                                                                 , BM110-철근콘크리트구조 보: BM110-철근 콘크리트구조 보_1B6_300 x 800                                                                 , BM110-철근콘크리트구조 보: BM110-철근 콘크리트구조 보_1B6_300 x 800
                          , Generic Models        , SE251-기본주차                           , E77       , SE251-기본주차: SE251-기본주차 여성전용일반형                                                                                       , SE251-기본주차: SE251-기본주차 여성전용일반형                                                                                       , SE251-기본주차: SE251-기본주차 여성전용일반형
IfcIfcSlab                , Floors                , Floor                                    , E251      , Floor: SL110-철근콘크리트구조 바닥_B2-B1RaS1_THK300                                                                                 , Floor: SL110-철근콘크리트구조 바닥_B2-B1RaS1_THK300                                                                                 , Floor: SL110-철근콘크리트구조 바닥_B2-B1RaS1_THK300
IfcIfcBeam                , Structural Framing    , BM110-철근콘크리트구조 보                , E23       , BM110-철근콘크리트구조 보: BM110-철근 콘크리트구조 보_RG7_400 x 500                                                                 , BM110-철근콘크리트구조 보: BM110-철근 콘크리트구조 보_RG7_400 x 500                                                                 , BM110-철근콘크리트구조 보: BM110-철근 콘크리트구조 보_RG7_400 x 500
                          , Floors                , Floor                                    , E251      , Floor: SL110-철근콘크리트구조 바닥_2-10S2_THK150                                                                                    , Floor: SL110-철근콘크리트구조 바닥_2-10S2_THK150                                                                                    , Floor: SL110-철근콘크리트구조 바닥_2-10S2_THK150
IfcIfcBeam                , Structural Framing    , BM110-철근콘크리트구조 보                , E23       , BM110-철근콘크리트구조 보: BM110-철근 콘크리트구조 보_B1-1B2_400 x 800                                                              , BM110-철근콘크리트구조 보: BM110-철근 콘크리트구조 보_B1-1B2_400 x 800                                                              , BM110-철근콘크리트구조 보: BM110-철근 콘크리트구조 보_B1-1B2_400 x 800
IfcIfcBeam                , Structural Framing    , BM110-철근콘크리트구조 보                , E23       , BM110-철근콘크리트구조 보: BM110-철근 콘크리트구조 보_2-10G2_400 x 400                                                              , BM110-철근콘크리트구조 보: BM110-철근 콘크리트구조 보_2-10G2_400 x 400                                                              , BM110-철근콘크리트구조 보: BM110-철근 콘크리트구조 보_2-10G2_400 x 400
                          , Floors                , Floor                                    , E251      , Floor: SL110-철근콘크리트구조 바닥_RS3_THK150                                                                                       , Floor: SL110-철근콘크리트구조 바닥_RS3_THK150                                                                                       , Floor: SL110-철근콘크리트구조 바닥_RS3_THK150
IfcIfcWallStandardCase    , Walls                 , Basic Wall                               , E24       , Basic Wall: WA211-시멘트벽돌(일반) 벽 (0.5B) 90mm                                                                                   , Basic Wall: WA211-시멘트벽돌(일반) 벽 (0.5B) 90mm                                                                                   , Basic Wall: WA211-시멘트벽돌(일반) 벽 (0.5B) 90mm
IfcIfcColumn              , Structural Columns    , CL120-철골구조 기둥                      , E22       , CL120-철골구조 기둥: CL120-철골구조 H형강(H-200x200) 기둥_SC11_H-200x200x8x12                                                       , CL120-철골구조 기둥: CL120-철골구조 H형강(H-200x200) 기둥_SC11_H-200x200x8x12                                                       , CL120-철골구조 기둥: CL120-철골구조 H형강(H-200x200) 기둥_SC11_H-200x200x8x12
IfcIfcSlab                , Floors                , Floor                                    , E251      , Floor: SL110-철근콘크리트구조 바닥_B1S5_THK150                                                                                      , Floor: SL110-철근콘크리트구조 바닥_B1S5_THK150                                                                                      , Floor: SL110-철근콘크리트구조 바닥_B1S5_THK150
                          , Floors                , Floor                                    , E251      , Floor: SL110-철근콘크리트구조 바닥_2-10S4_THK150                                                                                    , Floor: SL110-철근콘크리트구조 바닥_2-10S4_THK150                                                                                    , Floor: SL110-철근콘크리트구조 바닥_2-10S4_THK150
                          , Floors                , Floor                                    , E251      , Floor: SL110-철근콘크리트구조 바닥_PRS1_THK150                                                                                      , Floor: SL110-철근콘크리트구조 바닥_PRS1_THK150                                                                                      , Floor: SL110-철근콘크리트구조 바닥_PRS1_THK150
                          , Structural Columns    , CL111-철근콘크리트구조 기둥 (각형)       , E22       , CL111-철근콘크리트구조 기둥 (각형): CL111-철근콘크리트구조 기둥 (각형)_B2-B1C11_500x500                                             , CL111-철근콘크리트구조 기둥 (각형): CL111-철근콘크리트구조 기둥 (각형)_B2-B1C11_500x500                                             , CL111-철근콘크리트구조 기둥 (각형): CL111-철근콘크리트구조 기둥 (각형)_B2-B1C11_500x500
IfcIfcBeam                , Structural Framing    , BM110-철근콘크리트구조 보                , E23       , BM110-철근콘크리트구조 보: BM110-철근 콘크리트구조 보_RWG1_400 x 500                                                                , BM110-철근콘크리트구조 보: BM110-철근 콘크리트구조 보_RWG1_400 x 500                                                                , BM110-철근콘크리트구조 보: BM110-철근 콘크리트구조 보_RWG1_400 x 500
                          , Structural Columns    , CL111-철근콘크리트구조 기둥 (각형)       , E22       , CL111-철근콘크리트구조 기둥 (각형): CL111-철근콘크리트구조 기둥 (각형)_8-10C2_700x700                                               , CL111-철근콘크리트구조 기둥 (각형): CL111-철근콘크리트구조 기둥 (각형)_8-10C2_700x700                                               , CL111-철근콘크리트구조 기둥 (각형): CL111-철근콘크리트구조 기둥 (각형)_8-10C2_700x700
                          , Structural Framing    , BM110-철근콘크리트구조 보                , E23       , BM110-철근콘크리트구조 보: BM110-철근 콘크리트구조 보_B1-1G3_400 x 850                                                              , BM110-철근콘크리트구조 보: BM110-철근 콘크리트구조 보_B1-1G3_400 x 850                                                              , BM110-철근콘크리트구조 보: BM110-철근 콘크리트구조 보_B1-1G3_400 x 850
IfcIfcBeam                , Structural Framing    , BM110-철근콘크리트구조 보                , E23       , BM110-철근콘크리트구조 보: BM110-철근 콘크리트구조 보_RB3_400 x 500                                                                 , BM110-철근콘크리트구조 보: BM110-철근 콘크리트구조 보_RB3_400 x 500                                                                 , BM110-철근콘크리트구조 보: BM110-철근 콘크리트구조 보_RB3_400 x 500
                          , Structural Columns    , CL111-철근콘크리트구조 기둥 (각형)       , E22       , CL111-철근콘크리트구조 기둥 (각형): CL111-철근콘크리트구조 기둥 (각형)_B2-B2C12_600x600                                             , CL111-철근콘크리트구조 기둥 (각형): CL111-철근콘크리트구조 기둥 (각형)_B2-B2C12_600x600                                             , CL111-철근콘크리트구조 기둥 (각형): CL111-철근콘크리트구조 기둥 (각형)_B2-B2C12_600x600
IfcIfcCovering            , Ceilings              , Compound Ceiling                         , E36       , "Compound Ceiling: A1-45-06A-경량철골천장틀(M-Bar), 열경화성수지(300x300x1.2mm) (2mm) TYPE-D"                                       , "Compound Ceiling: A1-45-06A-경량철골천장틀(M-Bar), 열경화성수지(300x300x1.2mm) (2mm) TYPE-D"                                       , "Compound Ceiling: A1-45-06A-경량철골천장틀(M-Bar), 열경화성수지(300x300x1.2mm) (2mm) TYPE-D"
                          , Curtain Panels        , CW300-THK24.Low-e coating glass          , E336      , CW300-THK24.Low-e coating glass: CW300-THK24.Low-e coating glass                                                                    , CW300-THK24.Low-e coating glass: CW300-THK24.Low-e coating glass                                                                    , CW300-THK24.Low-e coating glass: CW300-THK24.Low-e coating glass
IfcIfcBeam                , Structural Framing    , BM110-철근콘크리트구조 보                , E23       , BM110-철근콘크리트구조 보: BM110-철근 콘크리트구조 보_2-10G11_500 x 400                                                             , BM110-철근콘크리트구조 보: BM110-철근 콘크리트구조 보_2-10G11_500 x 400                                                             , BM110-철근콘크리트구조 보: BM110-철근 콘크리트구조 보_2-10G11_500 x 400
IfcIfcWall                , Walls                 , Basic Wall                               , E24       , "Basic Wall: A1-32-07A-콘크리트면정리, 바닥방수연장, 시멘트모르타르(미장용), 수성페인트(내부) (24mm)"                               , "Basic Wall: A1-32-07A-콘크리트면정리, 바닥방수연장, 시멘트모르타르(미장용), 수성페인트(내부) (24mm)"                               , "Basic Wall: A1-32-07A-콘크리트면정리, 바닥방수연장, 시멘트모르타르(미장용), 수성페인트(내부) (24mm)"
IfcIfcBeam                , Structural Framing    , BM110-철근콘크리트구조 보                , E23       , BM110-철근콘크리트구조 보: BM110-철근 콘크리트구조 보_-1WG1_400 x 850                                                               , BM110-철근콘크리트구조 보: BM110-철근 콘크리트구조 보_-1WG1_400 x 850                                                               , BM110-철근콘크리트구조 보: BM110-철근 콘크리트구조 보_-1WG1_400 x 850
                          , Floors                , Floor                                    , E251      , Floor: SL110-철근콘크리트구조 바닥_B1S4_THK200                                                                                      , Floor: SL110-철근콘크리트구조 바닥_B1S4_THK200                                                                                      , Floor: SL110-철근콘크리트구조 바닥_B1S4_THK200
IfcIfcBuildingElementProxy, Generic Models        , SE251-기본주차                           , E77       , SE251-기본주차: SE251-기본주차 여성전용일반형                                                                                       , SE251-기본주차: SE251-기본주차 여성전용일반형                                                                                       , SE251-기본주차: SE251-기본주차 여성전용일반형
                          , Structural Framing    , BM110-철근콘크리트구조 보                , E23       , BM110-철근콘크리트구조 보: BM110-철근 콘크리트구조 보_2-10G7_400 x 400                                                              , BM110-철근콘크리트구조 보: BM110-철근 콘크리트구조 보_2-10G7_400 x 400                                                              , BM110-철근콘크리트구조 보: BM110-철근 콘크리트구조 보_2-10G7_400 x 400
IfcIfcBeam                , Structural Framing    , BM110-철근콘크리트구조 보                , E23       , BM110-철근콘크리트구조 보: BM110-철근 콘크리트구조 보_B1-1G2_400 x 850                                                              , BM110-철근콘크리트구조 보: BM110-철근 콘크리트구조 보_B1-1G2_400 x 850                                                              , BM110-철근콘크리트구조 보: BM110-철근 콘크리트구조 보_B1-1G2_400 x 850
IfcIfcSlab                , Roofs                 , Basic Roof                               , E26       ,                                                                                                                                     ,                                                                                                                                     , 
                          , Structural Framing    , BM110-철근콘크리트구조 보                , E23       , BM110-철근콘크리트구조 보: BM110-철근 콘크리트구조 보_RWG2_400 x 500                                                                , BM110-철근콘크리트구조 보: BM110-철근 콘크리트구조 보_RWG2_400 x 500                                                                , BM110-철근콘크리트구조 보: BM110-철근 콘크리트구조 보_RWG2_400 x 500
IfcIfcFurnishingElement   , Furniture             , FN111-바스툴 웨이브 고정형               , E81       , FN111-바스툴 웨이브 고정형: FN111-바스툴 웨이브 고정형 풋링 650x650x1000                                                            , FN111-바스툴 웨이브 고정형: FN111-바스툴 웨이브 고정형 풋링 650x650x1000                                                            , FN111-바스툴 웨이브 고정형: FN111-바스툴 웨이브 고정형 풋링 650x650x1000
IfcIfcColumn              , Structural Columns    , CL111-철근콘크리트구조 기둥 (각형)       , E22       , CL111-철근콘크리트구조 기둥 (각형): CL111-철근콘크리트구조 기둥 (각형)_5-6C1_700x700                                                , CL111-철근콘크리트구조 기둥 (각형): CL111-철근콘크리트구조 기둥 (각형)_5-6C1_700x700                                                , CL111-철근콘크리트구조 기둥 (각형): CL111-철근콘크리트구조 기둥 (각형)_5-6C1_700x700
                          , Structural Framing    , BM110-철근콘크리트구조 보                , E23       , BM110-철근콘크리트구조 보: BM110-철근 콘크리트구조 보_RB1_400 x 500                                                                 , BM110-철근콘크리트구조 보: BM110-철근 콘크리트구조 보_RB1_400 x 500                                                                 , BM110-철근콘크리트구조 보: BM110-철근 콘크리트구조 보_RB1_400 x 500
IfcIfcFlowTerminal        , Plumbing Fixtures     , PF411-평면붙임형 세면기                  , E71225    , PF411-평면붙임형 세면기: PF411-평면붙임형 세면기                                                                                    , PF411-평면붙임형 세면기: PF411-평면붙임형 세면기                                                                                    , PF411-평면붙임형 세면기: PF411-평면붙임형 세면기
                          , Structural Framing    , BM110-철근콘크리트구조 보                , E23       , BM110-철근콘크리트구조 보: BM110-철근 콘크리트구조 보_2-10WG2_400 x 400                                                             , BM110-철근콘크리트구조 보: BM110-철근 콘크리트구조 보_2-10WG2_400 x 400                                                             , BM110-철근콘크리트구조 보: BM110-철근 콘크리트구조 보_2-10WG2_400 x 400
                          , Walls                 , Basic Wall                               , E24       , Basic Wall: WA110-철근콘크리트구조 벽_W2_T200                                                                                       , Basic Wall: WA110-철근콘크리트구조 벽_W2_T200                                                                                       , Basic Wall: WA110-철근콘크리트구조 벽_W2_T200
IfcIfcFurnishingElement   , Furniture             , PF581-대변기 칸막이                      , E714      , PF581-대변기 칸막이: PF581-대변기 칸막이(출입면) 970*1430*2400                                                                      , PF581-대변기 칸막이: PF581-대변기 칸막이(출입면) 970*1430*2400                                                                      , PF581-대변기 칸막이: PF581-대변기 칸막이(출입면) 970*1430*2400
                          , Structural Foundations, Foundation Slab                          , E063      , Foundation Slab: FT113-매트기초(기초슬래브)_MF1_1800mm                                                                              , Foundation Slab: FT113-매트기초(기초슬래브)_MF1_1800mm                                                                              , Foundation Slab: FT113-매트기초(기초슬래브)_MF1_1800mm
                          , Furniture             , FN122-회의실 원형 테이블 세트 5인용      , E81       , FN122-회의실 원형 테이블 세트 5인용: FN122-회의실 원형 테이블 세트 5인용                                                            , FN122-회의실 원형 테이블 세트 5인용: FN122-회의실 원형 테이블 세트 5인용                                                            , FN122-회의실 원형 테이블 세트 5인용: FN122-회의실 원형 테이블 세트 5인용
IfcIfcWall                , Walls                 , Basic Wall                               , E24       , "Basic Wall: A1-32-06A-콘크리트면정리, 시멘트모르타르(미장용), 수성페인트(내부) (18mm)"                                             , "Basic Wall: A1-32-06A-콘크리트면정리, 시멘트모르타르(미장용), 수성페인트(내부) (18mm)"                                             , "Basic Wall: A1-32-06A-콘크리트면정리, 시멘트모르타르(미장용), 수성페인트(내부) (18mm)"
                          , Ceilings              , Compound Ceiling                         , E36       , "Compound Ceiling: A1-45-06A-경량철골천장틀(M-Bar), 열경화성수지(300x300x1.2mm) (2mm) TYPE-D"                                       , "Compound Ceiling: A1-45-06A-경량철골천장틀(M-Bar), 열경화성수지(300x300x1.2mm) (2mm) TYPE-D"                                       , "Compound Ceiling: A1-45-06A-경량철골천장틀(M-Bar), 열경화성수지(300x300x1.2mm) (2mm) TYPE-D"
IfcIfcWall                , Walls                 , Basic Wall                               , E24       , Basic Wall: WA110-철근콘크리트구조 벽_BW5_T500                                                                                      , Basic Wall: WA110-철근콘크리트구조 벽_BW5_T500                                                                                      , Basic Wall: WA110-철근콘크리트구조 벽_BW5_T500
